Local Body Code,Local Body Name,Local Body Type,District Level Parent Name,Intermediate Level Parent Name,Ward Code,Ward Number,Ward Name,Ward Name (In Local),
552,SOUTH ANDAMANS,District Panchayat,,,111395,1,Ward No. 1,Ward No. 1
234465,DIGLIPUR,Village Panchayat,NORTH AND MIDDLE ANDAMAN,DIGLIPUR,1452179,1,Diglipur-1,
234465,DIGLIPUR,Village Panchayat,NORTH AND MIDDLE ANDAMAN,DIGLIPUR,1452180,2,Diglipur-2,
234465,DIGLIPUR,Village Panchayat,NORTH AND MIDDLE ANDAMAN,DIGLIPUR,1452181,3,Diglipur-3,
234465,DIGLIPUR,Village Panchayat,NORTH AND MIDDLE ANDAMAN,DIGLIPUR,1452182,4,Diglipur-4,
234465,DIGLIPUR,Village Panchayat,NORTH AND MIDDLE ANDAMAN,DIGLIPUR,1452183,5,Diglipur-5,
234465,DIGLIPUR,Village Panchayat,NORTH AND MIDDLE ANDAMAN,DIGLIPUR,1452184,6,Diglipur-6,
234465,DIGLIPUR,Village Panchayat,NORTH AND MIDDLE ANDAMAN,DIGLIPUR,1452185,7,Diglipur-7,
234465,DIGLIPUR,Village Panchayat,NORTH AND MIDDLE ANDAMAN,DIGLIPUR,1452186,8,Khudirampur-1,
234465,DIGLIPUR,Village Panchayat,NORTH AND MIDDLE ANDAMAN,DIGLIPUR,1452187,9,Khudirampur-2,
234465,DIGLIPUR,Village Panchayat,NORTH AND MIDDLE ANDAMAN,DIGLIPUR,1452188,10,Khudirampur-3,
234465,DIGLIPUR,Village Panchayat,NORTH AND MIDDLE ANDAMAN,DIGLIPUR,1452189,11,Khudirampur-4,
245696,GANDHI NAGAR,Village Panchayat,NORTH AND MIDDLE ANDAMAN,DIGLIPUR,1452190,1,Gandhinagar-1,
245696,GANDHI NAGAR,Village Panchayat,NORTH AND MIDDLE ANDAMAN,DIGLIPUR,1452191,2,Gandhinagar-2,
245696,GANDHI NAGAR,Village Panchayat,NORTH AND MIDDLE ANDAMAN,DIGLIPUR,1452192,3,Gandhinagar-3,
245696,GANDHI NAGAR,Village Panchayat,NORTH AND MIDDLE ANDAMAN,DIGLIPUR,1452193,4,Shantinagar-1,
245696,GANDHI NAGAR,Village Panchayat,NORTH AND MIDDLE ANDAMAN,DIGLIPUR,1452194,5,Shantinagar-2,
245696,GANDHI NAGAR,Village Panchayat,NORTH AND MIDDLE ANDAMAN,DIGLIPUR,1452195,6,Ganeshnagar-1,
245696,GANDHI NAGAR,Village Panchayat,NORTH AND MIDDLE ANDAMAN,DIGLIPUR,1452196,7,Ganeshnagar-2,
245696,GANDHI NAGAR,Village Panchayat,NORTH AND MIDDLE ANDAMAN,DIGLIPUR,1452197,8,Ganeshnagar-3,
234466,KALIGHAT,Village Panchayat,NORTH AND MIDDLE ANDAMAN,DIGLIPUR,1452198,1,Kalighat-1,
234466,KALIGHAT,Village Panchayat,NORTH AND MIDDLE ANDAMAN,DIGLIPUR,1452199,2,Kalighat-2,
234466,KALIGHAT,Village Panchayat,NORTH AND MIDDLE ANDAMAN,DIGLIPUR,1452200,3,Kalighat-3,
234466,KALIGHAT,Village Panchayat,NORTH AND MIDDLE ANDAMAN,DIGLIPUR,1452201,4,Kalighat-4,
234466,KALIGHAT,Village Panchayat,NORTH AND MIDDLE ANDAMAN,DIGLIPUR,1452202,5,Kalighat-5,
234466,KALIGHAT,Village Panchayat,NORTH AND MIDDLE ANDAMAN,DIGLIPUR,1452203,6,Kalighat-6,
234466,KALIGHAT,Village Panchayat,NORTH AND MIDDLE ANDAMAN,DIGLIPUR,1452204,7,Jagannathdera-1,
234466,KALIGHAT,Village Panchayat,NORTH AND MIDDLE ANDAMAN,DIGLIPUR,1452205,8,Jagannathdera-2,
234467,KERALAPURAM,Village Panchayat,NORTH AND MIDDLE ANDAMAN,DIGLIPUR,1452206,1,Keralapuram-1,
234467,KERALAPURAM,Village Panchayat,NORTH AND MIDDLE ANDAMAN,DIGLIPUR,1452207,2,Keralapuram-2,
234467,KERALAPURAM,Village Panchayat,NORTH AND MIDDLE ANDAMAN,DIGLIPUR,1452208,3,Keralapuram-3,
234467,KERALAPURAM,Village Panchayat,NORTH AND MIDDLE ANDAMAN,DIGLIPUR,1452209,4,Vidyasagarpalli-1,
234467,KERALAPURAM,Village Panchayat,NORTH AND MIDDLE ANDAMAN,DIGLIPUR,1452210,5,Vidyasagarpalli-2,
234467,KERALAPURAM,Village Panchayat,NORTH AND MIDDLE ANDAMAN,DIGLIPUR,1452211,6,Vidyasagarpalli-3,
234467,KERALAPURAM,Village Panchayat,NORTH AND MIDDLE ANDAMAN,DIGLIPUR,1452212,7,Aerial Bay-1,
234467,KERALAPURAM,Village Panchayat,NORTH AND MIDDLE ANDAMAN,DIGLIPUR,1452213,8,Aerial Bay-2,
234467,KERALAPURAM,Village Panchayat,NORTH AND MIDDLE ANDAMAN,DIGLIPUR,1452214,9,Aerial Bay-3,
234467,KERALAPURAM,Village Panchayat,NORTH AND MIDDLE ANDAMAN,DIGLIPUR,1452215,10,Sagardweep,
234468,KISHORINAGAR,Village Panchayat,NORTH AND MIDDLE ANDAMAN,DIGLIPUR,1452216,1,Kishorinagar-1,
234468,KISHORINAGAR,Village Panchayat,NORTH AND MIDDLE ANDAMAN,DIGLIPUR,1452217,2,Kishorinagar-2,
234468,KISHORINAGAR,Village Panchayat,NORTH AND MIDDLE ANDAMAN,DIGLIPUR,1452218,3,Kishorinagar-3,
234468,KISHORINAGAR,Village Panchayat,NORTH AND MIDDLE ANDAMAN,DIGLIPUR,1452219,4,Kishorinagar-4,
234468,KISHORINAGAR,Village Panchayat,NORTH AND MIDDLE ANDAMAN,DIGLIPUR,1452220,5,Parangara-1,
234468,KISHORINAGAR,Village Panchayat,NORTH AND MIDDLE ANDAMAN,DIGLIPUR,1452221,6,Parangara-2,
234468,KISHORINAGAR,Village Panchayat,NORTH AND MIDDLE ANDAMAN,DIGLIPUR,1452222,7,Mohanpur-1,
234468,KISHORINAGAR,Village Panchayat,NORTH AND MIDDLE ANDAMAN,DIGLIPUR,1452223,8,Mohanpur-2,
234469,LAXMIPUR,Village Panchayat,NORTH AND MIDDLE ANDAMAN,DIGLIPUR,1452145,1,Milangram-1,
234469,LAXMIPUR,Village Panchayat,NORTH AND MIDDLE ANDAMAN,DIGLIPUR,1452146,2,Milangram-2,
234469,LAXMIPUR,Village Panchayat,NORTH AND MIDDLE ANDAMAN,DIGLIPUR,1452147,3,Milangram-3,
234469,LAXMIPUR,Village Panchayat,NORTH AND MIDDLE ANDAMAN,DIGLIPUR,1452148,4,Milangram-4,
234469,LAXMIPUR,Village Panchayat,NORTH AND MIDDLE ANDAMAN,DIGLIPUR,1452149,5,Laxmipur-1,
234469,LAXMIPUR,Village Panchayat,NORTH AND MIDDLE ANDAMAN,DIGLIPUR,1452150,6,Laxmipur-2,
234469,LAXMIPUR,Village Panchayat,NORTH AND MIDDLE ANDAMAN,DIGLIPUR,1452151,7,Laxmipur-3,
234469,LAXMIPUR,Village Panchayat,NORTH AND MIDDLE ANDAMAN,DIGLIPUR,1452152,8,Laxmipur-4,
234470,MADHUPUR,Village Panchayat,NORTH AND MIDDLE ANDAMAN,DIGLIPUR,1452224,1,Madhupur-1,
234470,MADHUPUR,Village Panchayat,NORTH AND MIDDLE ANDAMAN,DIGLIPUR,1452225,2,Madhupur-2,
234470,MADHUPUR,Village Panchayat,NORTH AND MIDDLE ANDAMAN,DIGLIPUR,1452226,3,Madhupur-3,
234470,MADHUPUR,Village Panchayat,NORTH AND MIDDLE ANDAMAN,DIGLIPUR,1452227,4,Madhupur-4,
234470,MADHUPUR,Village Panchayat,NORTH AND MIDDLE ANDAMAN,DIGLIPUR,1452228,5,Madhupur-5,
234470,MADHUPUR,Village Panchayat,NORTH AND MIDDLE ANDAMAN,DIGLIPUR,1452229,6,Madhupur-6,
234470,MADHUPUR,Village Panchayat,NORTH AND MIDDLE ANDAMAN,DIGLIPUR,1452230,7,Madhupur-7,
234470,MADHUPUR,Village Panchayat,NORTH AND MIDDLE ANDAMAN,DIGLIPUR,1452231,8,Rabindrapally,
234470,MADHUPUR,Village Panchayat,NORTH AND MIDDLE ANDAMAN,DIGLIPUR,1452232,9,Deshbandhugram-1,
234470,MADHUPUR,Village Panchayat,NORTH AND MIDDLE ANDAMAN,DIGLIPUR,1452233,10,Deshbandhugram-2,
234470,MADHUPUR,Village Panchayat,NORTH AND MIDDLE ANDAMAN,DIGLIPUR,1452234,11,Deshbandhugram-3,
234471,NABAGRAM,Village Panchayat,NORTH AND MIDDLE ANDAMAN,DIGLIPUR,1452235,1,Nabagram-1,
234471,NABAGRAM,Village Panchayat,NORTH AND MIDDLE ANDAMAN,DIGLIPUR,1452236,2,Nabagram-2,
234471,NABAGRAM,Village Panchayat,NORTH AND MIDDLE ANDAMAN,DIGLIPUR,1452237,3,Nabagram-3,
234471,NABAGRAM,Village Panchayat,NORTH AND MIDDLE ANDAMAN,DIGLIPUR,1452238,4,Nabagram-4,
234471,NABAGRAM,Village Panchayat,NORTH AND MIDDLE ANDAMAN,DIGLIPUR,1452239,5,Nabagram-5,
234471,NABAGRAM,Village Panchayat,NORTH AND MIDDLE ANDAMAN,DIGLIPUR,1452240,6,Nabagram-6,
234471,NABAGRAM,Village Panchayat,NORTH AND MIDDLE ANDAMAN,DIGLIPUR,1452241,7,Madhyamgram,
234471,NABAGRAM,Village Panchayat,NORTH AND MIDDLE ANDAMAN,DIGLIPUR,1452242,8,Nischintapur,
245695,PASCHIM SAGAR,Village Panchayat,NORTH AND MIDDLE ANDAMAN,DIGLIPUR,1452243,1,Paschimsagar-1,
245695,PASCHIM SAGAR,Village Panchayat,NORTH AND MIDDLE ANDAMAN,DIGLIPUR,1452244,2,Paschimsagar-2,
245695,PASCHIM SAGAR,Village Panchayat,NORTH AND MIDDLE ANDAMAN,DIGLIPUR,1452245,3,Paschimsagar-3,
245695,PASCHIM SAGAR,Village Panchayat,NORTH AND MIDDLE ANDAMAN,DIGLIPUR,1452246,4,Paschimsagar-4,
245695,PASCHIM SAGAR,Village Panchayat,NORTH AND MIDDLE ANDAMAN,DIGLIPUR,1452247,5,Paschimsagar-5,
245695,PASCHIM SAGAR,Village Panchayat,NORTH AND MIDDLE ANDAMAN,DIGLIPUR,1452248,6,Paschimsagar-6,
245695,PASCHIM SAGAR,Village Panchayat,NORTH AND MIDDLE ANDAMAN,DIGLIPUR,1452249,7,Paschimsagar-7,
245695,PASCHIM SAGAR,Village Panchayat,NORTH AND MIDDLE ANDAMAN,DIGLIPUR,1452250,8,Paschimsagar-8,
234473,RADHANAGAR,Village Panchayat,NORTH AND MIDDLE ANDAMAN,DIGLIPUR,1452137,1,Shyamnagar-1,
234473,RADHANAGAR,Village Panchayat,NORTH AND MIDDLE ANDAMAN,DIGLIPUR,1452138,2,Shyamnagar-2,
234473,RADHANAGAR,Village Panchayat,NORTH AND MIDDLE ANDAMAN,DIGLIPUR,1452139,3,Radhanagar-1,
234473,RADHANAGAR,Village Panchayat,NORTH AND MIDDLE ANDAMAN,DIGLIPUR,1452140,4,Radhanagar-2,
234473,RADHANAGAR,Village Panchayat,NORTH AND MIDDLE ANDAMAN,DIGLIPUR,1452141,5,Swarajgram-1,
234473,RADHANAGAR,Village Panchayat,NORTH AND MIDDLE ANDAMAN,DIGLIPUR,1452142,6,Swarajgram-2,
234473,RADHANAGAR,Village Panchayat,NORTH AND MIDDLE ANDAMAN,DIGLIPUR,1452143,7,Swarajgram-3,
234473,RADHANAGAR,Village Panchayat,NORTH AND MIDDLE ANDAMAN,DIGLIPUR,1452144,8,Swarajgram-4,
234474,RAMNAGAR,Village Panchayat,NORTH AND MIDDLE ANDAMAN,DIGLIPUR,1452251,1,Ramnagar-1,
234474,RAMNAGAR,Village Panchayat,NORTH AND MIDDLE ANDAMAN,DIGLIPUR,1452252,2,Ramnagar-2,
234474,RAMNAGAR,Village Panchayat,NORTH AND MIDDLE ANDAMAN,DIGLIPUR,1452253,3,Ramnagar-3,
234474,RAMNAGAR,Village Panchayat,NORTH AND MIDDLE ANDAMAN,DIGLIPUR,1452254,4,Ramnagar-4,
234474,RAMNAGAR,Village Panchayat,NORTH AND MIDDLE ANDAMAN,DIGLIPUR,1452255,5,Ramnagar-5,
234474,RAMNAGAR,Village Panchayat,NORTH AND MIDDLE ANDAMAN,DIGLIPUR,1452256,6,Ramnagar-6,
234474,RAMNAGAR,Village Panchayat,NORTH AND MIDDLE ANDAMAN,DIGLIPUR,1452257,7,Ramnagar-7,
234474,RAMNAGAR,Village Panchayat,NORTH AND MIDDLE ANDAMAN,DIGLIPUR,1452258,8,Ramnagar-8,
234472,R.K. GRAM,Village Panchayat,NORTH AND MIDDLE ANDAMAN,DIGLIPUR,1452259,1,Ramakrishnagram-1,
234472,R.K. GRAM,Village Panchayat,NORTH AND MIDDLE ANDAMAN,DIGLIPUR,1452260,2,Ramakrishnagram-2,
234472,R.K. GRAM,Village Panchayat,NORTH AND MIDDLE ANDAMAN,DIGLIPUR,1452261,3,Ramakrishnagram-3,
234472,R.K. GRAM,Village Panchayat,NORTH AND MIDDLE ANDAMAN,DIGLIPUR,1452262,4,Ramakrishnagram-4,
234472,R.K. GRAM,Village Panchayat,NORTH AND MIDDLE ANDAMAN,DIGLIPUR,1452263,5,Ramakrishnagram-5,
234472,R.K. GRAM,Village Panchayat,NORTH AND MIDDLE ANDAMAN,DIGLIPUR,1452264,6,Ramakrishnagram-6,
234472,R.K. GRAM,Village Panchayat,NORTH AND MIDDLE ANDAMAN,DIGLIPUR,1452265,7,Ramakrishnagram-7,
234472,R.K. GRAM,Village Panchayat,NORTH AND MIDDLE ANDAMAN,DIGLIPUR,1452266,8,Ramakrishnagram-8,
234475,SHIBPUR,Village Panchayat,NORTH AND MIDDLE ANDAMAN,DIGLIPUR,1452267,1,Shibpur-1,
234475,SHIBPUR,Village Panchayat,NORTH AND MIDDLE ANDAMAN,DIGLIPUR,1452268,2,Shibpur-2,
234475,SHIBPUR,Village Panchayat,NORTH AND MIDDLE ANDAMAN,DIGLIPUR,1452269,3,Shibpur-3,
234475,SHIBPUR,Village Panchayat,NORTH AND MIDDLE ANDAMAN,DIGLIPUR,1452270,4,Kalipur-1,
234475,SHIBPUR,Village Panchayat,NORTH AND MIDDLE ANDAMAN,DIGLIPUR,1452271,5,Kalipur-2,
234475,SHIBPUR,Village Panchayat,NORTH AND MIDDLE ANDAMAN,DIGLIPUR,1452272,6,Durgapur-1,
234475,SHIBPUR,Village Panchayat,NORTH AND MIDDLE ANDAMAN,DIGLIPUR,1452273,7,Durgapur-2,
234475,SHIBPUR,Village Panchayat,NORTH AND MIDDLE ANDAMAN,DIGLIPUR,1452274,8,Durgapur-3,
234475,SHIBPUR,Village Panchayat,NORTH AND MIDDLE ANDAMAN,DIGLIPUR,1452275,10,Durgapur-4,
234476,SITANAGAR,Village Panchayat,NORTH AND MIDDLE ANDAMAN,DIGLIPUR,1452276,1,Sitanagar-1,
234476,SITANAGAR,Village Panchayat,NORTH AND MIDDLE ANDAMAN,DIGLIPUR,1452277,2,Sitanagar-2,
234476,SITANAGAR,Village Panchayat,NORTH AND MIDDLE ANDAMAN,DIGLIPUR,1452278,3,Sitanagar-3,
234476,SITANAGAR,Village Panchayat,NORTH AND MIDDLE ANDAMAN,DIGLIPUR,1452279,4,Sitanagar-4,
234476,SITANAGAR,Village Panchayat,NORTH AND MIDDLE ANDAMAN,DIGLIPUR,1452280,5,Sitanagar-5,
234476,SITANAGAR,Village Panchayat,NORTH AND MIDDLE ANDAMAN,DIGLIPUR,1452281,6,Sitanagar-6,
234476,SITANAGAR,Village Panchayat,NORTH AND MIDDLE ANDAMAN,DIGLIPUR,1452282,7,Sitanagar-7,
234476,SITANAGAR,Village Panchayat,NORTH AND MIDDLE ANDAMAN,DIGLIPUR,1452283,8,Krishnapuri,
234477,SUBASHGRAM,Village Panchayat,NORTH AND MIDDLE ANDAMAN,DIGLIPUR,1452284,1,Subashgram-1,
234477,SUBASHGRAM,Village Panchayat,NORTH AND MIDDLE ANDAMAN,DIGLIPUR,1452285,2,Subashgram-2,
234477,SUBASHGRAM,Village Panchayat,NORTH AND MIDDLE ANDAMAN,DIGLIPUR,1452286,3,Subashgram-3,
234477,SUBASHGRAM,Village Panchayat,NORTH AND MIDDLE ANDAMAN,DIGLIPUR,1452287,4,Subashgram-4,
234477,SUBASHGRAM,Village Panchayat,NORTH AND MIDDLE ANDAMAN,DIGLIPUR,1452288,5,Subashgram-5,
234477,SUBASHGRAM,Village Panchayat,NORTH AND MIDDLE ANDAMAN,DIGLIPUR,1452289,6,Diglipur-1,
234477,SUBASHGRAM,Village Panchayat,NORTH AND MIDDLE ANDAMAN,DIGLIPUR,1452290,7,Diglipur-2,
234477,SUBASHGRAM,Village Panchayat,NORTH AND MIDDLE ANDAMAN,DIGLIPUR,1452291,8,Diglipur-3,
234477,SUBASHGRAM,Village Panchayat,NORTH AND MIDDLE ANDAMAN,DIGLIPUR,1452292,9,Diglipur-4,
234477,SUBASHGRAM,Village Panchayat,NORTH AND MIDDLE ANDAMAN,DIGLIPUR,1452293,10,Diglipur-5,
234477,SUBASHGRAM,Village Panchayat,NORTH AND MIDDLE ANDAMAN,DIGLIPUR,1452294,11,Diglipur-6,
234497,BASANTIPUR,Village Panchayat,NORTH AND MIDDLE ANDAMAN,MAYABUNDER,1463301,1,Pareshnagar-1,
234497,BASANTIPUR,Village Panchayat,NORTH AND MIDDLE ANDAMAN,MAYABUNDER,1463302,2,Pareshnagar-2,
234497,BASANTIPUR,Village Panchayat,NORTH AND MIDDLE ANDAMAN,MAYABUNDER,1463303,3,Prafullanagar-1,
234497,BASANTIPUR,Village Panchayat,NORTH AND MIDDLE ANDAMAN,MAYABUNDER,1463304,4,Prafullanagar-2,
234497,BASANTIPUR,Village Panchayat,NORTH AND MIDDLE ANDAMAN,MAYABUNDER,1463305,5,Govindapur-1,
234497,BASANTIPUR,Village Panchayat,NORTH AND MIDDLE ANDAMAN,MAYABUNDER,1463306,6,Govindapur-2,
234497,BASANTIPUR,Village Panchayat,NORTH AND MIDDLE ANDAMAN,MAYABUNDER,1463307,7,Govindapur-3,
234497,BASANTIPUR,Village Panchayat,NORTH AND MIDDLE ANDAMAN,MAYABUNDER,1463308,8,Basantipur,
234498,CHAINPUR,Village Panchayat,NORTH AND MIDDLE ANDAMAN,MAYABUNDER,1463309,1,Chainpur-1,
234498,CHAINPUR,Village Panchayat,NORTH AND MIDDLE ANDAMAN,MAYABUNDER,1463310,2,Chainpur-2,
234498,CHAINPUR,Village Panchayat,NORTH AND MIDDLE ANDAMAN,MAYABUNDER,1463311,3,Chainpur-3,
234498,CHAINPUR,Village Panchayat,NORTH AND MIDDLE ANDAMAN,MAYABUNDER,1463312,4,Chainpur-4,
234498,CHAINPUR,Village Panchayat,NORTH AND MIDDLE ANDAMAN,MAYABUNDER,1463313,5,Hanspuri-1,
234498,CHAINPUR,Village Panchayat,NORTH AND MIDDLE ANDAMAN,MAYABUNDER,1463314,6,Hanspuri-2,
234498,CHAINPUR,Village Panchayat,NORTH AND MIDDLE ANDAMAN,MAYABUNDER,1463315,7,Pudumadurai-1,
234498,CHAINPUR,Village Panchayat,NORTH AND MIDDLE ANDAMAN,MAYABUNDER,1463316,8,Pudumadurai-2,
234499,HARINAGAR,Village Panchayat,NORTH AND MIDDLE ANDAMAN,MAYABUNDER,1463317,1,Harinagar-1,
234499,HARINAGAR,Village Panchayat,NORTH AND MIDDLE ANDAMAN,MAYABUNDER,1463318,2,Harinagar-2,
234499,HARINAGAR,Village Panchayat,NORTH AND MIDDLE ANDAMAN,MAYABUNDER,1463319,3,Harinagar-3,
234499,HARINAGAR,Village Panchayat,NORTH AND MIDDLE ANDAMAN,MAYABUNDER,1463320,4,Harinagar-4,
234499,HARINAGAR,Village Panchayat,NORTH AND MIDDLE ANDAMAN,MAYABUNDER,1463321,5,Harinagar-5,
234499,HARINAGAR,Village Panchayat,NORTH AND MIDDLE ANDAMAN,MAYABUNDER,1463322,6,Harinagar-6,
234499,HARINAGAR,Village Panchayat,NORTH AND MIDDLE ANDAMAN,MAYABUNDER,1463323,7,Pinakinagar-1,
234499,HARINAGAR,Village Panchayat,NORTH AND MIDDLE ANDAMAN,MAYABUNDER,1463324,8,Pinakinagar-2,
234499,HARINAGAR,Village Panchayat,NORTH AND MIDDLE ANDAMAN,MAYABUNDER,1463325,9,Jaipur-1,
234499,HARINAGAR,Village Panchayat,NORTH AND MIDDLE ANDAMAN,MAYABUNDER,1463326,10,Jaipur-2,
234499,HARINAGAR,Village Panchayat,NORTH AND MIDDLE ANDAMAN,MAYABUNDER,1463327,11,Kamlapur,
234500,MAYABUNDER,Village Panchayat,NORTH AND MIDDLE ANDAMAN,MAYABUNDER,1463328,1,Mayabunder-1,
234500,MAYABUNDER,Village Panchayat,NORTH AND MIDDLE ANDAMAN,MAYABUNDER,1463329,2,Mayabunder-2,
234500,MAYABUNDER,Village Panchayat,NORTH AND MIDDLE ANDAMAN,MAYABUNDER,1463330,3,Mayabunder-3,
234500,MAYABUNDER,Village Panchayat,NORTH AND MIDDLE ANDAMAN,MAYABUNDER,1463331,4,Mayabunder-4,
234500,MAYABUNDER,Village Panchayat,NORTH AND MIDDLE ANDAMAN,MAYABUNDER,1463332,5,Mayabunder-5,
234500,MAYABUNDER,Village Panchayat,NORTH AND MIDDLE ANDAMAN,MAYABUNDER,1463333,6,Mayabunder-6,
234500,MAYABUNDER,Village Panchayat,NORTH AND MIDDLE ANDAMAN,MAYABUNDER,1463334,7,Mayabunder-7,
234500,MAYABUNDER,Village Panchayat,NORTH AND MIDDLE ANDAMAN,MAYABUNDER,1463335,8,Mayabunder-8,
234500,MAYABUNDER,Village Panchayat,NORTH AND MIDDLE ANDAMAN,MAYABUNDER,1463336,9,Mayabunder-9,
234500,MAYABUNDER,Village Panchayat,NORTH AND MIDDLE ANDAMAN,MAYABUNDER,1463337,10,Mayabunder-10,
234500,MAYABUNDER,Village Panchayat,NORTH AND MIDDLE ANDAMAN,MAYABUNDER,1463338,11,Mayabunder-11,
234501,PAHALGAON,Village Panchayat,NORTH AND MIDDLE ANDAMAN,MAYABUNDER,1463571,1,Pahalgaon-1,
234501,PAHALGAON,Village Panchayat,NORTH AND MIDDLE ANDAMAN,MAYABUNDER,1463572,2,Pahalgaon-2,
234501,PAHALGAON,Village Panchayat,NORTH AND MIDDLE ANDAMAN,MAYABUNDER,1463573,3,Pahalgaon-3,
234501,PAHALGAON,Village Panchayat,NORTH AND MIDDLE ANDAMAN,MAYABUNDER,1463574,4,Pahalgaon-4,
234501,PAHALGAON,Village Panchayat,NORTH AND MIDDLE ANDAMAN,MAYABUNDER,1463575,5,Pahalgaon-5,
234501,PAHALGAON,Village Panchayat,NORTH AND MIDDLE ANDAMAN,MAYABUNDER,1463576,6,Pahalgaon-6,
234501,PAHALGAON,Village Panchayat,NORTH AND MIDDLE ANDAMAN,MAYABUNDER,1463577,7,Tugapur-1,
234501,PAHALGAON,Village Panchayat,NORTH AND MIDDLE ANDAMAN,MAYABUNDER,1463578,8,Tugapur-2,
234501,PAHALGAON,Village Panchayat,NORTH AND MIDDLE ANDAMAN,MAYABUNDER,1463579,9,Tugapur-3,
234501,PAHALGAON,Village Panchayat,NORTH AND MIDDLE ANDAMAN,MAYABUNDER,1463580,10,Tugapur-4,
234501,PAHALGAON,Village Panchayat,NORTH AND MIDDLE ANDAMAN,MAYABUNDER,1463581,11,Tugapur-5,
234502,POKADERA,Village Panchayat,NORTH AND MIDDLE ANDAMAN,MAYABUNDER,1463622,1,Pokadera-1,
234502,POKADERA,Village Panchayat,NORTH AND MIDDLE ANDAMAN,MAYABUNDER,1463623,2,Pokadera-2,
234502,POKADERA,Village Panchayat,NORTH AND MIDDLE ANDAMAN,MAYABUNDER,1463624,3,Pokadera-3,
234502,POKADERA,Village Panchayat,NORTH AND MIDDLE ANDAMAN,MAYABUNDER,1463625,4,Pokadera-4,
234502,POKADERA,Village Panchayat,NORTH AND MIDDLE ANDAMAN,MAYABUNDER,1463626,5,Pokadera-5,
234502,POKADERA,Village Panchayat,NORTH AND MIDDLE ANDAMAN,MAYABUNDER,1463627,6,Pokadera-6,
234502,POKADERA,Village Panchayat,NORTH AND MIDDLE ANDAMAN,MAYABUNDER,1463628,7,Danapur-1,
234502,POKADERA,Village Panchayat,NORTH AND MIDDLE ANDAMAN,MAYABUNDER,1463629,8,Danapur-2,
234503,RAMPUR,Village Panchayat,NORTH AND MIDDLE ANDAMAN,MAYABUNDER,1464917,1,Webi-1,
234503,RAMPUR,Village Panchayat,NORTH AND MIDDLE ANDAMAN,MAYABUNDER,1464918,2,Webi-2,
234503,RAMPUR,Village Panchayat,NORTH AND MIDDLE ANDAMAN,MAYABUNDER,1464919,3,Karmatang-1,
234503,RAMPUR,Village Panchayat,NORTH AND MIDDLE ANDAMAN,MAYABUNDER,1464920,4,Karmatang-2,
234503,RAMPUR,Village Panchayat,NORTH AND MIDDLE ANDAMAN,MAYABUNDER,1464921,5,Karmatang-3,
234503,RAMPUR,Village Panchayat,NORTH AND MIDDLE ANDAMAN,MAYABUNDER,1464922,6,Karmatang-4,
234503,RAMPUR,Village Panchayat,NORTH AND MIDDLE ANDAMAN,MAYABUNDER,1464923,7,Lucknow-1,
234503,RAMPUR,Village Panchayat,NORTH AND MIDDLE ANDAMAN,MAYABUNDER,1464924,8,Lucknow-2,
234503,RAMPUR,Village Panchayat,NORTH AND MIDDLE ANDAMAN,MAYABUNDER,1464925,9,Lataw,
234503,RAMPUR,Village Panchayat,NORTH AND MIDDLE ANDAMAN,MAYABUNDER,1464926,10,Deopur-1,
234503,RAMPUR,Village Panchayat,NORTH AND MIDDLE ANDAMAN,MAYABUNDER,1464927,11,Deopur-2,
234503,RAMPUR,Village Panchayat,NORTH AND MIDDLE ANDAMAN,MAYABUNDER,1464928,12,Rampur-1,
234503,RAMPUR,Village Panchayat,NORTH AND MIDDLE ANDAMAN,MAYABUNDER,1464929,13,Rampur-2,
234504,SWADESHNAGAR,Village Panchayat,NORTH AND MIDDLE ANDAMAN,MAYABUNDER,1468008,1,Swadeshnagar-1,
234504,SWADESHNAGAR,Village Panchayat,NORTH AND MIDDLE ANDAMAN,MAYABUNDER,1468009,2,Swadeshnagar-2,
234504,SWADESHNAGAR,Village Panchayat,NORTH AND MIDDLE ANDAMAN,MAYABUNDER,1468010,3,Swadeshnagar-3,
234504,SWADESHNAGAR,Village Panchayat,NORTH AND MIDDLE ANDAMAN,MAYABUNDER,1468011,4,Swadeshnagar-4,
234504,SWADESHNAGAR,Village Panchayat,NORTH AND MIDDLE ANDAMAN,MAYABUNDER,1468012,5,Swadeshnagar-5,
234504,SWADESHNAGAR,Village Panchayat,NORTH AND MIDDLE ANDAMAN,MAYABUNDER,1468013,6,Swadeshnagar-6,
234504,SWADESHNAGAR,Village Panchayat,NORTH AND MIDDLE ANDAMAN,MAYABUNDER,1468014,7,Shantipur-1,
234504,SWADESHNAGAR,Village Panchayat,NORTH AND MIDDLE ANDAMAN,MAYABUNDER,1468015,8,Shantipur-2,
234504,SWADESHNAGAR,Village Panchayat,NORTH AND MIDDLE ANDAMAN,MAYABUNDER,1468016,9,Shantipur-3,
234504,SWADESHNAGAR,Village Panchayat,NORTH AND MIDDLE ANDAMAN,MAYABUNDER,1468017,10,Dukenagar-1,
234504,SWADESHNAGAR,Village Panchayat,NORTH AND MIDDLE ANDAMAN,MAYABUNDER,1468018,11,Dukenagar-2,
234515,BAKULTALA,Village Panchayat,NORTH AND MIDDLE ANDAMAN,RANGAT,1475013,1,Bakultala-1,
234515,BAKULTALA,Village Panchayat,NORTH AND MIDDLE ANDAMAN,RANGAT,1475014,2,Bakultala-2,
234515,BAKULTALA,Village Panchayat,NORTH AND MIDDLE ANDAMAN,RANGAT,1475015,3,Bakultala-3,
234515,BAKULTALA,Village Panchayat,NORTH AND MIDDLE ANDAMAN,RANGAT,1475016,4,Bakultala-4,
234515,BAKULTALA,Village Panchayat,NORTH AND MIDDLE ANDAMAN,RANGAT,1475017,5,Bakultala-5,
234515,BAKULTALA,Village Panchayat,NORTH AND MIDDLE ANDAMAN,RANGAT,1475018,6,Bakultala-6,
234515,BAKULTALA,Village Panchayat,NORTH AND MIDDLE ANDAMAN,RANGAT,1475019,7,Bakultala-7,
234515,BAKULTALA,Village Panchayat,NORTH AND MIDDLE ANDAMAN,RANGAT,1475020,8,Bakultala-8,
234516,DASHRATPUR,Village Panchayat,NORTH AND MIDDLE ANDAMAN,RANGAT,1215041,1,Sitapuri,
234516,DASHRATPUR,Village Panchayat,NORTH AND MIDDLE ANDAMAN,RANGAT,1215042,2,Janakpur II,
234516,DASHRATPUR,Village Panchayat,NORTH AND MIDDLE ANDAMAN,RANGAT,1215043,3,Dasarathpur II,
234516,DASHRATPUR,Village Panchayat,NORTH AND MIDDLE ANDAMAN,RANGAT,1215044,4,Rangat,
234516,DASHRATPUR,Village Panchayat,NORTH AND MIDDLE ANDAMAN,RANGAT,1215045,5,Mithila I,
234516,DASHRATPUR,Village Panchayat,NORTH AND MIDDLE ANDAMAN,RANGAT,1215046,6,Sitapur,
234516,DASHRATPUR,Village Panchayat,NORTH AND MIDDLE ANDAMAN,RANGAT,1215047,7,Janakpur I,
234516,DASHRATPUR,Village Panchayat,NORTH AND MIDDLE ANDAMAN,RANGAT,1215048,8,Dasarathpur I,
234516,DASHRATPUR,Village Panchayat,NORTH AND MIDDLE ANDAMAN,RANGAT,1215049,9,Mithila II,
234517,KADAMTALA,Village Panchayat,NORTH AND MIDDLE ANDAMAN,RANGAT,1478661,1,Kadamtala-1,
234517,KADAMTALA,Village Panchayat,NORTH AND MIDDLE ANDAMAN,RANGAT,1478662,2,Kadamtala-2,
234517,KADAMTALA,Village Panchayat,NORTH AND MIDDLE ANDAMAN,RANGAT,1478663,3,Kadamtala-3,
234517,KADAMTALA,Village Panchayat,NORTH AND MIDDLE ANDAMAN,RANGAT,1478664,4,Kadamtala-4,
234517,KADAMTALA,Village Panchayat,NORTH AND MIDDLE ANDAMAN,RANGAT,1478665,5,Kadamtala-5,
234517,KADAMTALA,Village Panchayat,NORTH AND MIDDLE ANDAMAN,RANGAT,1478666,6,Kadamtala-6,
234517,KADAMTALA,Village Panchayat,NORTH AND MIDDLE ANDAMAN,RANGAT,1478667,7,Kadamtala-7,
234517,KADAMTALA,Village Panchayat,NORTH AND MIDDLE ANDAMAN,RANGAT,1478668,8,Kadamtala-8,
234517,KADAMTALA,Village Panchayat,NORTH AND MIDDLE ANDAMAN,RANGAT,1478669,9,Kadamtala-9,
234517,KADAMTALA,Village Panchayat,NORTH AND MIDDLE ANDAMAN,RANGAT,1478670,10,Kadamtala-10,
234517,KADAMTALA,Village Panchayat,NORTH AND MIDDLE ANDAMAN,RANGAT,1478671,11,Yeratajig,
234518,KAUSALYANAGAR,Village Panchayat,NORTH AND MIDDLE ANDAMAN,RANGAT,1497239,1,Saktigarh-1,
234518,KAUSALYANAGAR,Village Panchayat,NORTH AND MIDDLE ANDAMAN,RANGAT,1497240,2,Saktigarh-2,
234518,KAUSALYANAGAR,Village Panchayat,NORTH AND MIDDLE ANDAMAN,RANGAT,1497241,3,Saktigarh-3,
234518,KAUSALYANAGAR,Village Panchayat,NORTH AND MIDDLE ANDAMAN,RANGAT,1497242,4,Kaushalyanagar-1,
234518,KAUSALYANAGAR,Village Panchayat,NORTH AND MIDDLE ANDAMAN,RANGAT,1497243,5,Kaushalyanagar-2,
234518,KAUSALYANAGAR,Village Panchayat,NORTH AND MIDDLE ANDAMAN,RANGAT,1497244,6,Kaushalyanagar-3,
234518,KAUSALYANAGAR,Village Panchayat,NORTH AND MIDDLE ANDAMAN,RANGAT,1497245,7,Kaushalyanagar-7,
234518,KAUSALYANAGAR,Village Panchayat,NORTH AND MIDDLE ANDAMAN,RANGAT,1497246,8,Kaushalyanagar-8,
234519,LONG ISLAND,Village Panchayat,NORTH AND MIDDLE ANDAMAN,RANGAT,1507791,1,Long Islands-1,
234519,LONG ISLAND,Village Panchayat,NORTH AND MIDDLE ANDAMAN,RANGAT,1507792,2,Long Islands-2,
234519,LONG ISLAND,Village Panchayat,NORTH AND MIDDLE ANDAMAN,RANGAT,1507793,3,Long Islands-3,
234519,LONG ISLAND,Village Panchayat,NORTH AND MIDDLE ANDAMAN,RANGAT,1507794,4,Long Islands-4,
234519,LONG ISLAND,Village Panchayat,NORTH AND MIDDLE ANDAMAN,RANGAT,1507795,5,Long Islands-5,
234519,LONG ISLAND,Village Panchayat,NORTH AND MIDDLE ANDAMAN,RANGAT,1507796,6,Long Islands-6,
234519,LONG ISLAND,Village Panchayat,NORTH AND MIDDLE ANDAMAN,RANGAT,1507797,7,Long Islands-7,
234519,LONG ISLAND,Village Panchayat,NORTH AND MIDDLE ANDAMAN,RANGAT,1507798,8,Long Islands-8,
234520,NILAMBUR,Village Panchayat,NORTH AND MIDDLE ANDAMAN,RANGAT,1507808,1,Nilambur-1,
234520,NILAMBUR,Village Panchayat,NORTH AND MIDDLE ANDAMAN,RANGAT,1507809,2,Nilambur-2,
234520,NILAMBUR,Village Panchayat,NORTH AND MIDDLE ANDAMAN,RANGAT,1507810,3,Nilambur-3,
234520,NILAMBUR,Village Panchayat,NORTH AND MIDDLE ANDAMAN,RANGAT,1507811,4,Nilambur-4,
234520,NILAMBUR,Village Panchayat,NORTH AND MIDDLE ANDAMAN,RANGAT,1507812,5,Nilambur-5,
234520,NILAMBUR,Village Panchayat,NORTH AND MIDDLE ANDAMAN,RANGAT,1507813,6,Nilambur-6,
234520,NILAMBUR,Village Panchayat,NORTH AND MIDDLE ANDAMAN,RANGAT,1507814,7,Kanchangarh,
234520,NILAMBUR,Village Panchayat,NORTH AND MIDDLE ANDAMAN,RANGAT,1507815,8,Nayagarh-1,
234520,NILAMBUR,Village Panchayat,NORTH AND MIDDLE ANDAMAN,RANGAT,1507816,9,Nayagarh-2,
234520,NILAMBUR,Village Panchayat,NORTH AND MIDDLE ANDAMAN,RANGAT,1507817,10,Wrafter Creek-1,
234520,NILAMBUR,Village Panchayat,NORTH AND MIDDLE ANDAMAN,RANGAT,1507818,11,Wrafter Creek-2,
234520,NILAMBUR,Village Panchayat,NORTH AND MIDDLE ANDAMAN,RANGAT,1507819,12,Rajatgarh,
234520,NILAMBUR,Village Panchayat,NORTH AND MIDDLE ANDAMAN,RANGAT,1507820,13,Kattakhari,
234520,NILAMBUR,Village Panchayat,NORTH AND MIDDLE ANDAMAN,RANGAT,1507821,14,Abhaygarh,
234521,NIMBUTALA,Village Panchayat,NORTH AND MIDDLE ANDAMAN,RANGAT,1510827,1,Amkunj-1,
234521,NIMBUTALA,Village Panchayat,NORTH AND MIDDLE ANDAMAN,RANGAT,1510828,2,Amkunj-2,
234521,NIMBUTALA,Village Panchayat,NORTH AND MIDDLE ANDAMAN,RANGAT,1510829,3,Nimbutala-1,
234521,NIMBUTALA,Village Panchayat,NORTH AND MIDDLE ANDAMAN,RANGAT,1510830,4,Nimbutala-2,
234521,NIMBUTALA,Village Panchayat,NORTH AND MIDDLE ANDAMAN,RANGAT,1510831,5,Nimbutala-3,
234521,NIMBUTALA,Village Panchayat,NORTH AND MIDDLE ANDAMAN,RANGAT,1510832,6,Nimbutala-4,
234521,NIMBUTALA,Village Panchayat,NORTH AND MIDDLE ANDAMAN,RANGAT,1510833,7,Nimbutala-5,
234521,NIMBUTALA,Village Panchayat,NORTH AND MIDDLE ANDAMAN,RANGAT,1510834,8,Nimbutala-6,
234521,NIMBUTALA,Village Panchayat,NORTH AND MIDDLE ANDAMAN,RANGAT,1510835,9,Nimbutala-7,
234521,NIMBUTALA,Village Panchayat,NORTH AND MIDDLE ANDAMAN,RANGAT,1510836,10,Nimbutala-8,
234521,NIMBUTALA,Village Panchayat,NORTH AND MIDDLE ANDAMAN,RANGAT,1510837,11,Nimbutala-9,
234522,PARNASALA,Village Panchayat,NORTH AND MIDDLE ANDAMAN,RANGAT,1508554,1,Parnasala-1,
234522,PARNASALA,Village Panchayat,NORTH AND MIDDLE ANDAMAN,RANGAT,1508555,2,Parnasala-2,
234522,PARNASALA,Village Panchayat,NORTH AND MIDDLE ANDAMAN,RANGAT,1508556,3,Parnasala-3,
234522,PARNASALA,Village Panchayat,NORTH AND MIDDLE ANDAMAN,RANGAT,1508557,4,Parnasala-4,
234522,PARNASALA,Village Panchayat,NORTH AND MIDDLE ANDAMAN,RANGAT,1508558,5,Rampur-1,
234522,PARNASALA,Village Panchayat,NORTH AND MIDDLE ANDAMAN,RANGAT,1508559,6,Rampur-2,
234522,PARNASALA,Village Panchayat,NORTH AND MIDDLE ANDAMAN,RANGAT,1508560,7,Rampur-3,
234522,PARNASALA,Village Panchayat,NORTH AND MIDDLE ANDAMAN,RANGAT,1508561,8,Rampur-4,
234522,PARNASALA,Village Panchayat,NORTH AND MIDDLE ANDAMAN,RANGAT,1508562,9,Rampur-5,
234523,RANGAT,Village Panchayat,NORTH AND MIDDLE ANDAMAN,RANGAT,1508657,1,Rangat-1,
234523,RANGAT,Village Panchayat,NORTH AND MIDDLE ANDAMAN,RANGAT,1508658,2,Rangat-2,
234523,RANGAT,Village Panchayat,NORTH AND MIDDLE ANDAMAN,RANGAT,1508659,3,Rangat-3,
234523,RANGAT,Village Panchayat,NORTH AND MIDDLE ANDAMAN,RANGAT,1508660,4,Rangat-4,
234523,RANGAT,Village Panchayat,NORTH AND MIDDLE ANDAMAN,RANGAT,1508661,5,Rangat-5,
234523,RANGAT,Village Panchayat,NORTH AND MIDDLE ANDAMAN,RANGAT,1508662,6,Rangat-6,
234523,RANGAT,Village Panchayat,NORTH AND MIDDLE ANDAMAN,RANGAT,1508663,7,Rangat-7,
234523,RANGAT,Village Panchayat,NORTH AND MIDDLE ANDAMAN,RANGAT,1508664,8,Rangat-8,
234523,RANGAT,Village Panchayat,NORTH AND MIDDLE ANDAMAN,RANGAT,1508665,9,Rangat-9,
234523,RANGAT,Village Panchayat,NORTH AND MIDDLE ANDAMAN,RANGAT,1508666,10,Rangat-10,
234523,RANGAT,Village Panchayat,NORTH AND MIDDLE ANDAMAN,RANGAT,1508667,11,Rangat-11,
234523,RANGAT,Village Panchayat,NORTH AND MIDDLE ANDAMAN,RANGAT,1508668,12,Rangat-12,
234523,RANGAT,Village Panchayat,NORTH AND MIDDLE ANDAMAN,RANGAT,1508669,13,Rangat-13,
234523,RANGAT,Village Panchayat,NORTH AND MIDDLE ANDAMAN,RANGAT,1508670,14,Rangat-14,
234524,SABRI,Village Panchayat,NORTH AND MIDDLE ANDAMAN,RANGAT,1534402,1,Sabari-1,
234524,SABRI,Village Panchayat,NORTH AND MIDDLE ANDAMAN,RANGAT,1534403,2,Sabari-2,
234524,SABRI,Village Panchayat,NORTH AND MIDDLE ANDAMAN,RANGAT,1534404,3,Sabari-3,
234524,SABRI,Village Panchayat,NORTH AND MIDDLE ANDAMAN,RANGAT,1534405,4,Sabari-4,
234524,SABRI,Village Panchayat,NORTH AND MIDDLE ANDAMAN,RANGAT,1534406,5,Sabari-5,
234524,SABRI,Village Panchayat,NORTH AND MIDDLE ANDAMAN,RANGAT,1534407,6,Sabari-6,
234524,SABRI,Village Panchayat,NORTH AND MIDDLE ANDAMAN,RANGAT,1534408,7,Bharatpur,
234524,SABRI,Village Panchayat,NORTH AND MIDDLE ANDAMAN,RANGAT,1534409,8,Vishnupur,
234525,SHIVAPURAM,Village Panchayat,NORTH AND MIDDLE ANDAMAN,RANGAT,1509406,1,Dharmapuram-1,
234525,SHIVAPURAM,Village Panchayat,NORTH AND MIDDLE ANDAMAN,RANGAT,1509407,2,Dharmapuram-2,
234525,SHIVAPURAM,Village Panchayat,NORTH AND MIDDLE ANDAMAN,RANGAT,1509408,3,Thiruvanchikulam,
234525,SHIVAPURAM,Village Panchayat,NORTH AND MIDDLE ANDAMAN,RANGAT,1509409,4,Shivapuram-1,
234525,SHIVAPURAM,Village Panchayat,NORTH AND MIDDLE ANDAMAN,RANGAT,1509410,5,Shivapuram-2,
234525,SHIVAPURAM,Village Panchayat,NORTH AND MIDDLE ANDAMAN,RANGAT,1509411,6,Shivapuram-3,
234525,SHIVAPURAM,Village Panchayat,NORTH AND MIDDLE ANDAMAN,RANGAT,1509412,7,Shivapuram-4,
234525,SHIVAPURAM,Village Panchayat,NORTH AND MIDDLE ANDAMAN,RANGAT,1509413,8,Padmanabhapuram-1,
234525,SHIVAPURAM,Village Panchayat,NORTH AND MIDDLE ANDAMAN,RANGAT,1509414,9,Padmanabhapuram-2,
234525,SHIVAPURAM,Village Panchayat,NORTH AND MIDDLE ANDAMAN,RANGAT,1509415,10,Panchwati-1,
234525,SHIVAPURAM,Village Panchayat,NORTH AND MIDDLE ANDAMAN,RANGAT,1509416,11,Panchwati-2,
234525,SHIVAPURAM,Village Panchayat,NORTH AND MIDDLE ANDAMAN,RANGAT,1509473,1,Dharmapuram-1,
234525,SHIVAPURAM,Village Panchayat,NORTH AND MIDDLE ANDAMAN,RANGAT,1509474,2,Dharmapuram-2,
234525,SHIVAPURAM,Village Panchayat,NORTH AND MIDDLE ANDAMAN,RANGAT,1509475,3,Thiruvanchikulam,
234525,SHIVAPURAM,Village Panchayat,NORTH AND MIDDLE ANDAMAN,RANGAT,1509476,4,Shivapuram-1,
234525,SHIVAPURAM,Village Panchayat,NORTH AND MIDDLE ANDAMAN,RANGAT,1509477,5,Shivapuram-2,
234525,SHIVAPURAM,Village Panchayat,NORTH AND MIDDLE ANDAMAN,RANGAT,1509478,6,Shivapuram-3,
234525,SHIVAPURAM,Village Panchayat,NORTH AND MIDDLE ANDAMAN,RANGAT,1509479,7,Shivapuram-4,
234525,SHIVAPURAM,Village Panchayat,NORTH AND MIDDLE ANDAMAN,RANGAT,1509480,8,Padmanabhapuram-1,
234525,SHIVAPURAM,Village Panchayat,NORTH AND MIDDLE ANDAMAN,RANGAT,1509481,9,Padmanabhapuram-2,
234525,SHIVAPURAM,Village Panchayat,NORTH AND MIDDLE ANDAMAN,RANGAT,1509482,10,Panchwati-1,
234525,SHIVAPURAM,Village Panchayat,NORTH AND MIDDLE ANDAMAN,RANGAT,1509483,11,Panchwati-2,
234525,SHIVAPURAM,Village Panchayat,NORTH AND MIDDLE ANDAMAN,RANGAT,1509548,1,Dharmapuram-1,
234525,SHIVAPURAM,Village Panchayat,NORTH AND MIDDLE ANDAMAN,RANGAT,1509549,2,Dharmapuram-2,
234525,SHIVAPURAM,Village Panchayat,NORTH AND MIDDLE ANDAMAN,RANGAT,1509550,3,Thiruvanchikulam,
234525,SHIVAPURAM,Village Panchayat,NORTH AND MIDDLE ANDAMAN,RANGAT,1509551,4,Shivapuram-1,
234525,SHIVAPURAM,Village Panchayat,NORTH AND MIDDLE ANDAMAN,RANGAT,1509552,5,Shivapuram-2,
234525,SHIVAPURAM,Village Panchayat,NORTH AND MIDDLE ANDAMAN,RANGAT,1509553,6,Shivapuram-3,
234525,SHIVAPURAM,Village Panchayat,NORTH AND MIDDLE ANDAMAN,RANGAT,1509554,7,Shivapuram-4,
234525,SHIVAPURAM,Village Panchayat,NORTH AND MIDDLE ANDAMAN,RANGAT,1509555,8,Padmanabhapuram-1,
234525,SHIVAPURAM,Village Panchayat,NORTH AND MIDDLE ANDAMAN,RANGAT,1509556,9,Padmanabhapuram-2,
234525,SHIVAPURAM,Village Panchayat,NORTH AND MIDDLE ANDAMAN,RANGAT,1509557,10,Panchwati-1,
234525,SHIVAPURAM,Village Panchayat,NORTH AND MIDDLE ANDAMAN,RANGAT,1509558,11,Panchwati-2,
234526,SUNDERGHAR,Village Panchayat,NORTH AND MIDDLE ANDAMAN,RANGAT,1510813,1,Adajig-1,
234526,SUNDERGHAR,Village Panchayat,NORTH AND MIDDLE ANDAMAN,RANGAT,1510814,2,Adajig-2,
234526,SUNDERGHAR,Village Panchayat,NORTH AND MIDDLE ANDAMAN,RANGAT,1510815,3,Adajig-3,
234526,SUNDERGHAR,Village Panchayat,NORTH AND MIDDLE ANDAMAN,RANGAT,1510816,4,Adajig-4,
234526,SUNDERGHAR,Village Panchayat,NORTH AND MIDDLE ANDAMAN,RANGAT,1510817,5,Adajig-5,
234526,SUNDERGHAR,Village Panchayat,NORTH AND MIDDLE ANDAMAN,RANGAT,1510818,6,Adajig-6,
234526,SUNDERGHAR,Village Panchayat,NORTH AND MIDDLE ANDAMAN,RANGAT,1510819,7,Udaygarh,
234526,SUNDERGHAR,Village Panchayat,NORTH AND MIDDLE ANDAMAN,RANGAT,1510820,8,Vijaygarh-1,
234526,SUNDERGHAR,Village Panchayat,NORTH AND MIDDLE ANDAMAN,RANGAT,1510821,9,Vijaygarh-2,
234526,SUNDERGHAR,Village Panchayat,NORTH AND MIDDLE ANDAMAN,RANGAT,1510822,10,Sundergarh-1,
234526,SUNDERGHAR,Village Panchayat,NORTH AND MIDDLE ANDAMAN,RANGAT,1510823,11,Sundergarh-2,
234526,SUNDERGHAR,Village Panchayat,NORTH AND MIDDLE ANDAMAN,RANGAT,1510824,12,Sundergarh-3,
234526,SUNDERGHAR,Village Panchayat,NORTH AND MIDDLE ANDAMAN,RANGAT,1510825,13,Sundergarh-4,
234526,SUNDERGHAR,Village Panchayat,NORTH AND MIDDLE ANDAMAN,RANGAT,1510826,14,Sundergarh-5,
234527,URMILAPUR,Village Panchayat,NORTH AND MIDDLE ANDAMAN,RANGAT,1510779,1,Kalsi-1,
234527,URMILAPUR,Village Panchayat,NORTH AND MIDDLE ANDAMAN,RANGAT,1510780,2,Kalsi-2,
234527,URMILAPUR,Village Panchayat,NORTH AND MIDDLE ANDAMAN,RANGAT,1510781,3,Urmilapur,
234527,URMILAPUR,Village Panchayat,NORTH AND MIDDLE ANDAMAN,RANGAT,1510782,4,Laxmanpur,
234527,URMILAPUR,Village Panchayat,NORTH AND MIDDLE ANDAMAN,RANGAT,1510783,5,Bakultala-1,
234527,URMILAPUR,Village Panchayat,NORTH AND MIDDLE ANDAMAN,RANGAT,1510784,6,Bakultala-2,
234527,URMILAPUR,Village Panchayat,NORTH AND MIDDLE ANDAMAN,RANGAT,1510785,7,Bakultala-3,
234527,URMILAPUR,Village Panchayat,NORTH AND MIDDLE ANDAMAN,RANGAT,1510786,8,Bakultala-4,
234527,URMILAPUR,Village Panchayat,NORTH AND MIDDLE ANDAMAN,RANGAT,1510787,9,Bakultala-5,
234527,URMILAPUR,Village Panchayat,NORTH AND MIDDLE ANDAMAN,RANGAT,1510788,1,Kalsi-1,
234527,URMILAPUR,Village Panchayat,NORTH AND MIDDLE ANDAMAN,RANGAT,1510789,2,Kalsi-2,
234527,URMILAPUR,Village Panchayat,NORTH AND MIDDLE ANDAMAN,RANGAT,1510790,3,Urmilapur,
234527,URMILAPUR,Village Panchayat,NORTH AND MIDDLE ANDAMAN,RANGAT,1510791,4,Laxmanpur,
234527,URMILAPUR,Village Panchayat,NORTH AND MIDDLE ANDAMAN,RANGAT,1510792,5,Bakultala-1,
234527,URMILAPUR,Village Panchayat,NORTH AND MIDDLE ANDAMAN,RANGAT,1510793,6,Bakultala-2,
234527,URMILAPUR,Village Panchayat,NORTH AND MIDDLE ANDAMAN,RANGAT,1510794,7,Bakultala-3,
234527,URMILAPUR,Village Panchayat,NORTH AND MIDDLE ANDAMAN,RANGAT,1510795,8,Bakultala-4,
234527,URMILAPUR,Village Panchayat,NORTH AND MIDDLE ANDAMAN,RANGAT,1510796,9,Bakultala-5,
234528,UTTARA,Village Panchayat,NORTH AND MIDDLE ANDAMAN,RANGAT,1510770,1,Uttara-1,
234528,UTTARA,Village Panchayat,NORTH AND MIDDLE ANDAMAN,RANGAT,1510771,2,Uttara-2,
234528,UTTARA,Village Panchayat,NORTH AND MIDDLE ANDAMAN,RANGAT,1510772,3,Uttara-3,
234528,UTTARA,Village Panchayat,NORTH AND MIDDLE ANDAMAN,RANGAT,1510773,4,Shantanu-1,
234528,UTTARA,Village Panchayat,NORTH AND MIDDLE ANDAMAN,RANGAT,1510774,5,Shantanu-2,
234528,UTTARA,Village Panchayat,NORTH AND MIDDLE ANDAMAN,RANGAT,1510775,6,Shantanu-3,
234528,UTTARA,Village Panchayat,NORTH AND MIDDLE ANDAMAN,RANGAT,1510776,7,Shantanu-4,
234528,UTTARA,Village Panchayat,NORTH AND MIDDLE ANDAMAN,RANGAT,1510777,8,Shantanu-5,
234528,UTTARA,Village Panchayat,NORTH AND MIDDLE ANDAMAN,RANGAT,1510778,9,Shantanu-6,
234529,CAMPBELL BAY,Village Panchayat,SOUTH ANDAMANS,CAMPBELL BAY,1431712,1,Campbell Bay-1,
234529,CAMPBELL BAY,Village Panchayat,SOUTH ANDAMANS,CAMPBELL BAY,1431713,2,Campbell Bay-2,
234529,CAMPBELL BAY,Village Panchayat,SOUTH ANDAMANS,CAMPBELL BAY,1431714,3,Campbell Bay-3,
234529,CAMPBELL BAY,Village Panchayat,SOUTH ANDAMANS,CAMPBELL BAY,1431715,4,Campbell Bay-4,
234529,CAMPBELL BAY,Village Panchayat,SOUTH ANDAMANS,CAMPBELL BAY,1431716,5,Campbell Bay-5,
234529,CAMPBELL BAY,Village Panchayat,SOUTH ANDAMANS,CAMPBELL BAY,1431717,6,Campbell Bay-6,
234529,CAMPBELL BAY,Village Panchayat,SOUTH ANDAMANS,CAMPBELL BAY,1431718,7,Campbell Bay-7,
234529,CAMPBELL BAY,Village Panchayat,SOUTH ANDAMANS,CAMPBELL BAY,1431719,8,Campbell Bay-8,
234529,CAMPBELL BAY,Village Panchayat,SOUTH ANDAMANS,CAMPBELL BAY,1431720,9,Campbell Bay-9,
234529,CAMPBELL BAY,Village Panchayat,SOUTH ANDAMANS,CAMPBELL BAY,1431721,10,Campbell Bay-10,
234529,CAMPBELL BAY,Village Panchayat,SOUTH ANDAMANS,CAMPBELL BAY,1431722,11,Campbell Bay-11,
234530,GOVINDNAGAR,Village Panchayat,SOUTH ANDAMANS,CAMPBELL BAY,1431734,1,Govind Nagar-1,
234530,GOVINDNAGAR,Village Panchayat,SOUTH ANDAMANS,CAMPBELL BAY,1431735,2,Govind Nagar-2,
234530,GOVINDNAGAR,Village Panchayat,SOUTH ANDAMANS,CAMPBELL BAY,1431736,3,Govind Nagar-3,
234530,GOVINDNAGAR,Village Panchayat,SOUTH ANDAMANS,CAMPBELL BAY,1431737,4,Govind Nagar-4,
234530,GOVINDNAGAR,Village Panchayat,SOUTH ANDAMANS,CAMPBELL BAY,1431738,5,Govind Nagar-5,
234530,GOVINDNAGAR,Village Panchayat,SOUTH ANDAMANS,CAMPBELL BAY,1431739,6,Govind Nagar-6,
234530,GOVINDNAGAR,Village Panchayat,SOUTH ANDAMANS,CAMPBELL BAY,1431740,7,Govind Nagar-7,
234530,GOVINDNAGAR,Village Panchayat,SOUTH ANDAMANS,CAMPBELL BAY,1431741,8,Govind Nagar-8,
234530,GOVINDNAGAR,Village Panchayat,SOUTH ANDAMANS,CAMPBELL BAY,1431742,9,Govind Nagar-9,
234531,LAXMINAGAR,Village Panchayat,SOUTH ANDAMANS,CAMPBELL BAY,1431723,1,Joginder Nagar-1,
234531,LAXMINAGAR,Village Panchayat,SOUTH ANDAMANS,CAMPBELL BAY,1431724,2,Joginder Nagar-2,
234531,LAXMINAGAR,Village Panchayat,SOUTH ANDAMANS,CAMPBELL BAY,1431725,3,Joginder Nagar-3,
234531,LAXMINAGAR,Village Panchayat,SOUTH ANDAMANS,CAMPBELL BAY,1431726,4,Vijaynagar-1,
234531,LAXMINAGAR,Village Panchayat,SOUTH ANDAMANS,CAMPBELL BAY,1431727,5,Vijaynagar-2,
234531,LAXMINAGAR,Village Panchayat,SOUTH ANDAMANS,CAMPBELL BAY,1431728,6,Vijaynagar-3,
234531,LAXMINAGAR,Village Panchayat,SOUTH ANDAMANS,CAMPBELL BAY,1431729,7,Laxminagar,
234531,LAXMINAGAR,Village Panchayat,SOUTH ANDAMANS,CAMPBELL BAY,1431730,8,Gandhinagar-1,
234531,LAXMINAGAR,Village Panchayat,SOUTH ANDAMANS,CAMPBELL BAY,1431731,9,Gandhinagar-2,
234531,LAXMINAGAR,Village Panchayat,SOUTH ANDAMANS,CAMPBELL BAY,1431732,10,Gandhinagar-3,
234531,LAXMINAGAR,Village Panchayat,SOUTH ANDAMANS,CAMPBELL BAY,1431733,11,Shastrinagar,
234478,BAMBOOFLAT-I,Village Panchayat,SOUTH ANDAMANS,FERRARGUNJ,1537608,1,Bambooflat-1,
234478,BAMBOOFLAT-I,Village Panchayat,SOUTH ANDAMANS,FERRARGUNJ,1537609,2,Bambooflat-2,
234478,BAMBOOFLAT-I,Village Panchayat,SOUTH ANDAMANS,FERRARGUNJ,1537610,3,Bambooflat-3,
234478,BAMBOOFLAT-I,Village Panchayat,SOUTH ANDAMANS,FERRARGUNJ,1537611,4,Bambooflat-4,
234478,BAMBOOFLAT-I,Village Panchayat,SOUTH ANDAMANS,FERRARGUNJ,1537612,5,Bambooflat-5,
234478,BAMBOOFLAT-I,Village Panchayat,SOUTH ANDAMANS,FERRARGUNJ,1537613,6,Bambooflat-6,
234478,BAMBOOFLAT-I,Village Panchayat,SOUTH ANDAMANS,FERRARGUNJ,1537614,7,Bambooflat-7,
234478,BAMBOOFLAT-I,Village Panchayat,SOUTH ANDAMANS,FERRARGUNJ,1537615,8,Bambooflat-8,
234478,BAMBOOFLAT-I,Village Panchayat,SOUTH ANDAMANS,FERRARGUNJ,1537616,9,Bambooflat-9,
272941,BAMBOOFLAT-II,Village Panchayat,SOUTH ANDAMANS,FERRARGUNJ,1538140,1,Bambooflat-1,
272941,BAMBOOFLAT-II,Village Panchayat,SOUTH ANDAMANS,FERRARGUNJ,1538141,2,Bambooflat-2,
272941,BAMBOOFLAT-II,Village Panchayat,SOUTH ANDAMANS,FERRARGUNJ,1538142,3,Bambooflat-3,
272941,BAMBOOFLAT-II,Village Panchayat,SOUTH ANDAMANS,FERRARGUNJ,1538143,4,Bambooflat-4,
272941,BAMBOOFLAT-II,Village Panchayat,SOUTH ANDAMANS,FERRARGUNJ,1538144,5,Bambooflat-5,
272941,BAMBOOFLAT-II,Village Panchayat,SOUTH ANDAMANS,FERRARGUNJ,1538145,6,Bambooflat-6,
272941,BAMBOOFLAT-II,Village Panchayat,SOUTH ANDAMANS,FERRARGUNJ,1538146,7,Bambooflat-7,
272941,BAMBOOFLAT-II,Village Panchayat,SOUTH ANDAMANS,FERRARGUNJ,1538147,8,Bambooflat-8,
272941,BAMBOOFLAT-II,Village Panchayat,SOUTH ANDAMANS,FERRARGUNJ,1538148,9,Bambooflat-9,
272941,BAMBOOFLAT-II,Village Panchayat,SOUTH ANDAMANS,FERRARGUNJ,1538149,10,Bambooflat-10,
234479,BRINDRABAN,Village Panchayat,SOUTH ANDAMANS,FERRARGUNJ,1432451,1,Bindraban-1,
234479,BRINDRABAN,Village Panchayat,SOUTH ANDAMANS,FERRARGUNJ,1432452,2,Bindraban-2,
234479,BRINDRABAN,Village Panchayat,SOUTH ANDAMANS,FERRARGUNJ,1432453,3,Bindraban-3,
234479,BRINDRABAN,Village Panchayat,SOUTH ANDAMANS,FERRARGUNJ,1432454,4,Bindraban-4,
234479,BRINDRABAN,Village Panchayat,SOUTH ANDAMANS,FERRARGUNJ,1432455,5,Bindraban-5,
234479,BRINDRABAN,Village Panchayat,SOUTH ANDAMANS,FERRARGUNJ,1432456,6,Mathura-1,
234479,BRINDRABAN,Village Panchayat,SOUTH ANDAMANS,FERRARGUNJ,1432457,7,Mathura-2,
234479,BRINDRABAN,Village Panchayat,SOUTH ANDAMANS,FERRARGUNJ,1432458,8,Kadakachang-1,
234479,BRINDRABAN,Village Panchayat,SOUTH ANDAMANS,FERRARGUNJ,1432459,9,Kadakachang-2,
234480,CHOULDARI,Village Panchayat,SOUTH ANDAMANS,FERRARGUNJ,1432501,1,Portmout-1,
234480,CHOULDARI,Village Panchayat,SOUTH ANDAMANS,FERRARGUNJ,1432502,2,Portmout-2,
234480,CHOULDARI,Village Panchayat,SOUTH ANDAMANS,FERRARGUNJ,1432503,3,Chouldhari-1,
234480,CHOULDARI,Village Panchayat,SOUTH ANDAMANS,FERRARGUNJ,1432504,4,Chouldhari-2,
234480,CHOULDARI,Village Panchayat,SOUTH ANDAMANS,FERRARGUNJ,1432505,5,Chouldhari-3,
234480,CHOULDARI,Village Panchayat,SOUTH ANDAMANS,FERRARGUNJ,1432506,6,Chouldhari-4,
234480,CHOULDARI,Village Panchayat,SOUTH ANDAMANS,FERRARGUNJ,1432507,7,Chouldhari-5,
234480,CHOULDARI,Village Panchayat,SOUTH ANDAMANS,FERRARGUNJ,1432508,8,Chouldhari-6,
234480,CHOULDARI,Village Panchayat,SOUTH ANDAMANS,FERRARGUNJ,1432509,9,Chouldhari-7,
234480,CHOULDARI,Village Panchayat,SOUTH ANDAMANS,FERRARGUNJ,1432510,10,Badmash pahar,
234480,CHOULDARI,Village Panchayat,SOUTH ANDAMANS,FERRARGUNJ,1432511,11,Craikabad,
273036,COLLINPUR,Village Panchayat,SOUTH ANDAMANS,FERRARGUNJ,1549626,1,Manpur 1,
273036,COLLINPUR,Village Panchayat,SOUTH ANDAMANS,FERRARGUNJ,1549627,2,Manpur 2,
273036,COLLINPUR,Village Panchayat,SOUTH ANDAMANS,FERRARGUNJ,1549628,3,Manpur 3,
273036,COLLINPUR,Village Panchayat,SOUTH ANDAMANS,FERRARGUNJ,1549629,4,Collinpur 1,
273036,COLLINPUR,Village Panchayat,SOUTH ANDAMANS,FERRARGUNJ,1549630,5,Collinpur 2,
273036,COLLINPUR,Village Panchayat,SOUTH ANDAMANS,FERRARGUNJ,1549631,6,Templemyo,
273036,COLLINPUR,Village Panchayat,SOUTH ANDAMANS,FERRARGUNJ,1549632,7,Herbertabad 1,
273036,COLLINPUR,Village Panchayat,SOUTH ANDAMANS,FERRARGUNJ,1549633,8,Herbertabad 2,
273036,COLLINPUR,Village Panchayat,SOUTH ANDAMANS,FERRARGUNJ,1549634,9,Tirur,
234481,FERRARGUNJ,Village Panchayat,SOUTH ANDAMANS,FERRARGUNJ,1538386,1,Ferrargunj-1,
234481,FERRARGUNJ,Village Panchayat,SOUTH ANDAMANS,FERRARGUNJ,1538387,2,Ferrargunj-2,
234481,FERRARGUNJ,Village Panchayat,SOUTH ANDAMANS,FERRARGUNJ,1538388,3,Ferrargunj-3,
234481,FERRARGUNJ,Village Panchayat,SOUTH ANDAMANS,FERRARGUNJ,1538389,4,Ferrargunj-4,
234481,FERRARGUNJ,Village Panchayat,SOUTH ANDAMANS,FERRARGUNJ,1538390,5,Miletilak,
234481,FERRARGUNJ,Village Panchayat,SOUTH ANDAMANS,FERRARGUNJ,1538391,6,Jirkatang-1,
234481,FERRARGUNJ,Village Panchayat,SOUTH ANDAMANS,FERRARGUNJ,1538392,7,Jirkatang-2,
234481,FERRARGUNJ,Village Panchayat,SOUTH ANDAMANS,FERRARGUNJ,1538393,8,Aniket,
234481,FERRARGUNJ,Village Panchayat,SOUTH ANDAMANS,FERRARGUNJ,1538394,9,Caddlegunj-1,
234481,FERRARGUNJ,Village Panchayat,SOUTH ANDAMANS,FERRARGUNJ,1538395,10,Caddlegunj-2,
234482,GUPTAPARA,Village Panchayat,SOUTH ANDAMANS,FERRARGUNJ,1540655,1,Manjeri-1,
234482,GUPTAPARA,Village Panchayat,SOUTH ANDAMANS,FERRARGUNJ,1540656,2,Manjeri-2,
234482,GUPTAPARA,Village Panchayat,SOUTH ANDAMANS,FERRARGUNJ,1540657,3,Guptapara-1,
234482,GUPTAPARA,Village Panchayat,SOUTH ANDAMANS,FERRARGUNJ,1540658,4,Guptapara-2,
234482,GUPTAPARA,Village Panchayat,SOUTH ANDAMANS,FERRARGUNJ,1540659,5,Guptapara-3,
234482,GUPTAPARA,Village Panchayat,SOUTH ANDAMANS,FERRARGUNJ,1540660,6,Manglutan-1,
234482,GUPTAPARA,Village Panchayat,SOUTH ANDAMANS,FERRARGUNJ,1540661,7,Manglutan-2,
234482,GUPTAPARA,Village Panchayat,SOUTH ANDAMANS,FERRARGUNJ,1540662,8,Manglutan-3,
234482,GUPTAPARA,Village Panchayat,SOUTH ANDAMANS,FERRARGUNJ,1540663,9,Manglutan-4,
234482,GUPTAPARA,Village Panchayat,SOUTH ANDAMANS,FERRARGUNJ,1540664,10,Manglutan-5,
234482,GUPTAPARA,Village Panchayat,SOUTH ANDAMANS,FERRARGUNJ,1540665,11,Manglutan-6,
234482,GUPTAPARA,Village Panchayat,SOUTH ANDAMANS,FERRARGUNJ,1540666,12,Nayashahar,
234482,GUPTAPARA,Village Panchayat,SOUTH ANDAMANS,FERRARGUNJ,1540667,13,Dhanikhari-1,
234482,GUPTAPARA,Village Panchayat,SOUTH ANDAMANS,FERRARGUNJ,1540668,14,Dhanikhari-2,
234483,HOPETOWN,Village Panchayat,SOUTH ANDAMANS,FERRARGUNJ,1541573,1,Hopetown-1,
234483,HOPETOWN,Village Panchayat,SOUTH ANDAMANS,FERRARGUNJ,1541574,2,Hopetown-2,
234483,HOPETOWN,Village Panchayat,SOUTH ANDAMANS,FERRARGUNJ,1541575,3,Hopetown-3,
234483,HOPETOWN,Village Panchayat,SOUTH ANDAMANS,FERRARGUNJ,1541576,4,Northbay-1,
234483,HOPETOWN,Village Panchayat,SOUTH ANDAMANS,FERRARGUNJ,1541577,5,Northbay-2,
234483,HOPETOWN,Village Panchayat,SOUTH ANDAMANS,FERRARGUNJ,1541578,6,Northbay-3,
234483,HOPETOWN,Village Panchayat,SOUTH ANDAMANS,FERRARGUNJ,1541579,7,Bambooflat-1,
234483,HOPETOWN,Village Panchayat,SOUTH ANDAMANS,FERRARGUNJ,1541580,8,Bambooflat-2,
234484,HUMFREYGUNJ,Village Panchayat,SOUTH ANDAMANS,FERRARGUNJ,1541945,1,Humfrygunj-1,
234484,HUMFREYGUNJ,Village Panchayat,SOUTH ANDAMANS,FERRARGUNJ,1541946,2,Humfrygunj-2,
234484,HUMFREYGUNJ,Village Panchayat,SOUTH ANDAMANS,FERRARGUNJ,1541947,3,Hasmatabad-1,
234484,HUMFREYGUNJ,Village Panchayat,SOUTH ANDAMANS,FERRARGUNJ,1541948,4,Hasmatabad-2,
234484,HUMFREYGUNJ,Village Panchayat,SOUTH ANDAMANS,FERRARGUNJ,1541949,5,Wandoor-1,
234484,HUMFREYGUNJ,Village Panchayat,SOUTH ANDAMANS,FERRARGUNJ,1541950,6,Wandoor-2,
234484,HUMFREYGUNJ,Village Panchayat,SOUTH ANDAMANS,FERRARGUNJ,1541951,7,Wandoor-3,
234484,HUMFREYGUNJ,Village Panchayat,SOUTH ANDAMANS,FERRARGUNJ,1541952,8,Wandoor-4,
234484,HUMFREYGUNJ,Village Panchayat,SOUTH ANDAMANS,FERRARGUNJ,1541953,9,Maymyo,
234484,HUMFREYGUNJ,Village Panchayat,SOUTH ANDAMANS,FERRARGUNJ,1541954,10,Lohabaraik,
273035,KANYAPURAM,Village Panchayat,SOUTH ANDAMANS,FERRARGUNJ,1551875,1,Kanayapuram 1,
273035,KANYAPURAM,Village Panchayat,SOUTH ANDAMANS,FERRARGUNJ,1551876,2,Kanayapuram 2,
273035,KANYAPURAM,Village Panchayat,SOUTH ANDAMANS,FERRARGUNJ,1551877,3,Kanayapuram 3,
273035,KANYAPURAM,Village Panchayat,SOUTH ANDAMANS,FERRARGUNJ,1551878,4,Kanayapuram 4,
273035,KANYAPURAM,Village Panchayat,SOUTH ANDAMANS,FERRARGUNJ,1551879,5,Kanayapuram 5,
273035,KANYAPURAM,Village Panchayat,SOUTH ANDAMANS,FERRARGUNJ,1551880,6,Kanayapuram 6,
273035,KANYAPURAM,Village Panchayat,SOUTH ANDAMANS,FERRARGUNJ,1551881,7,Kanayapuram 7,
273035,KANYAPURAM,Village Panchayat,SOUTH ANDAMANS,FERRARGUNJ,1551882,8,Kanayapuram 8,
273035,KANYAPURAM,Village Panchayat,SOUTH ANDAMANS,FERRARGUNJ,1551883,9,Kanayapuram 9,
234485,MANNARGHAT,Village Panchayat,SOUTH ANDAMANS,FERRARGUNJ,1542715,1,Mannarghat-1,
234485,MANNARGHAT,Village Panchayat,SOUTH ANDAMANS,FERRARGUNJ,1542716,2,Mannarghat-2,
234485,MANNARGHAT,Village Panchayat,SOUTH ANDAMANS,FERRARGUNJ,1542717,3,Mannarghat-3,
234485,MANNARGHAT,Village Panchayat,SOUTH ANDAMANS,FERRARGUNJ,1542718,4,Mannarghat-4,
234485,MANNARGHAT,Village Panchayat,SOUTH ANDAMANS,FERRARGUNJ,1542719,5,Mannarghat-5,
234485,MANNARGHAT,Village Panchayat,SOUTH ANDAMANS,FERRARGUNJ,1542720,6,Wright Myo-1,
234485,MANNARGHAT,Village Panchayat,SOUTH ANDAMANS,FERRARGUNJ,1542721,7,Wright Myo-2,
234485,MANNARGHAT,Village Panchayat,SOUTH ANDAMANS,FERRARGUNJ,1542722,8,Wright Myo-3,
234485,MANNARGHAT,Village Panchayat,SOUTH ANDAMANS,FERRARGUNJ,1542723,9,Malapuram-1,
234485,MANNARGHAT,Village Panchayat,SOUTH ANDAMANS,FERRARGUNJ,1542724,10,Malapuram-2,
234486,MITHAKHARI,Village Panchayat,SOUTH ANDAMANS,FERRARGUNJ,1543356,1,Muslim Basthi,
234486,MITHAKHARI,Village Panchayat,SOUTH ANDAMANS,FERRARGUNJ,1543357,2,Ograbraj-1,
234486,MITHAKHARI,Village Panchayat,SOUTH ANDAMANS,FERRARGUNJ,1543358,3,Ograbraj-2,
234486,MITHAKHARI,Village Panchayat,SOUTH ANDAMANS,FERRARGUNJ,1543359,4,Ograbraj-3,
234486,MITHAKHARI,Village Panchayat,SOUTH ANDAMANS,FERRARGUNJ,1543360,5,Ograbraj-4,
234486,MITHAKHARI,Village Panchayat,SOUTH ANDAMANS,FERRARGUNJ,1543361,6,Ograbraj-5,
234486,MITHAKHARI,Village Panchayat,SOUTH ANDAMANS,FERRARGUNJ,1543362,7,Mithakhari-1,
234486,MITHAKHARI,Village Panchayat,SOUTH ANDAMANS,FERRARGUNJ,1543363,8,Mithakhari-2,
234486,MITHAKHARI,Village Panchayat,SOUTH ANDAMANS,FERRARGUNJ,1543364,9,Mithakhari-3,
234486,MITHAKHARI,Village Panchayat,SOUTH ANDAMANS,FERRARGUNJ,1543365,10,Mithakhari-4,
234486,MITHAKHARI,Village Panchayat,SOUTH ANDAMANS,FERRARGUNJ,1543366,11,Mithakhari-5,
234487,NAMUNAGHAR,Village Panchayat,SOUTH ANDAMANS,FERRARGUNJ,1543430,1,Namunaghar-1,
234487,NAMUNAGHAR,Village Panchayat,SOUTH ANDAMANS,FERRARGUNJ,1543431,2,Namunaghar-2,
234487,NAMUNAGHAR,Village Panchayat,SOUTH ANDAMANS,FERRARGUNJ,1543432,3,Namunaghar-3,
234487,NAMUNAGHAR,Village Panchayat,SOUTH ANDAMANS,FERRARGUNJ,1543433,4,Namunaghar-4,
234487,NAMUNAGHAR,Village Panchayat,SOUTH ANDAMANS,FERRARGUNJ,1543434,5,Namunaghar-5,
234487,NAMUNAGHAR,Village Panchayat,SOUTH ANDAMANS,FERRARGUNJ,1543435,6,Namunaghar-6,
234487,NAMUNAGHAR,Village Panchayat,SOUTH ANDAMANS,FERRARGUNJ,1543436,7,Dunduspoint-1,
234487,NAMUNAGHAR,Village Panchayat,SOUTH ANDAMANS,FERRARGUNJ,1543437,8,Dunduspoint-2,
234487,NAMUNAGHAR,Village Panchayat,SOUTH ANDAMANS,FERRARGUNJ,1543438,9,Dunduspoint-3,
234488,SHOAL BAY,Village Panchayat,SOUTH ANDAMANS,FERRARGUNJ,1543485,1,Shoalbay-1,
234488,SHOAL BAY,Village Panchayat,SOUTH ANDAMANS,FERRARGUNJ,1543486,2,Shoalbay-2,
234488,SHOAL BAY,Village Panchayat,SOUTH ANDAMANS,FERRARGUNJ,1543487,3,Shoalbay-3,
234488,SHOAL BAY,Village Panchayat,SOUTH ANDAMANS,FERRARGUNJ,1543488,4,Shoalbay-4,
234488,SHOAL BAY,Village Panchayat,SOUTH ANDAMANS,FERRARGUNJ,1543489,5,Shoalbay-5,
234488,SHOAL BAY,Village Panchayat,SOUTH ANDAMANS,FERRARGUNJ,1543490,6,Shoalbay-6,
234488,SHOAL BAY,Village Panchayat,SOUTH ANDAMANS,FERRARGUNJ,1543491,7,Shoalbay-7,
234488,SHOAL BAY,Village Panchayat,SOUTH ANDAMANS,FERRARGUNJ,1543492,8,Shoalbay-8,
234489,SHOREPOINT,Village Panchayat,SOUTH ANDAMANS,FERRARGUNJ,1544030,1,Shorepoint-1,
234489,SHOREPOINT,Village Panchayat,SOUTH ANDAMANS,FERRARGUNJ,1544031,2,Shorepoint-2,
234489,SHOREPOINT,Village Panchayat,SOUTH ANDAMANS,FERRARGUNJ,1544032,3,Shorepoint-3,
234489,SHOREPOINT,Village Panchayat,SOUTH ANDAMANS,FERRARGUNJ,1544033,4,Shorepoint-4,
234489,SHOREPOINT,Village Panchayat,SOUTH ANDAMANS,FERRARGUNJ,1544034,5,Shorepoint-5,
234489,SHOREPOINT,Village Panchayat,SOUTH ANDAMANS,FERRARGUNJ,1544035,6,Shorepoint-6,
234489,SHOREPOINT,Village Panchayat,SOUTH ANDAMANS,FERRARGUNJ,1544036,7,Shorepoint-7,
234489,SHOREPOINT,Village Panchayat,SOUTH ANDAMANS,FERRARGUNJ,1544037,8,Shorepoint-8,
234489,SHOREPOINT,Village Panchayat,SOUTH ANDAMANS,FERRARGUNJ,1544038,9,Shorepoint-9,
234489,SHOREPOINT,Village Panchayat,SOUTH ANDAMANS,FERRARGUNJ,1544039,10,Bambooflat-1,
234489,SHOREPOINT,Village Panchayat,SOUTH ANDAMANS,FERRARGUNJ,1544040,11,Bambooflat-2,
234489,SHOREPOINT,Village Panchayat,SOUTH ANDAMANS,FERRARGUNJ,1544041,12,Bambooflat-3,
234489,SHOREPOINT,Village Panchayat,SOUTH ANDAMANS,FERRARGUNJ,1544042,13,Bambooflat-4,
234490,STEWARTGUNJ,Village Panchayat,SOUTH ANDAMANS,FERRARGUNJ,1544119,1,Stewartgunj-1,
234490,STEWARTGUNJ,Village Panchayat,SOUTH ANDAMANS,FERRARGUNJ,1544120,2,Stewartgunj-2,
234490,STEWARTGUNJ,Village Panchayat,SOUTH ANDAMANS,FERRARGUNJ,1544121,3,Stewartgunj-3,
234490,STEWARTGUNJ,Village Panchayat,SOUTH ANDAMANS,FERRARGUNJ,1544122,4,Stewartgunj-4,
234490,STEWARTGUNJ,Village Panchayat,SOUTH ANDAMANS,FERRARGUNJ,1544123,5,Govindapuram-1,
234490,STEWARTGUNJ,Village Panchayat,SOUTH ANDAMANS,FERRARGUNJ,1544124,6,Govindapuram-2,
234490,STEWARTGUNJ,Village Panchayat,SOUTH ANDAMANS,FERRARGUNJ,1544125,7,Bambooflat-1,
234490,STEWARTGUNJ,Village Panchayat,SOUTH ANDAMANS,FERRARGUNJ,1544126,8,Bambooflat-2,
234490,STEWARTGUNJ,Village Panchayat,SOUTH ANDAMANS,FERRARGUNJ,1544127,9,Bambooflat-3,
234490,STEWARTGUNJ,Village Panchayat,SOUTH ANDAMANS,FERRARGUNJ,1544128,10,Bambooflat-4,
234491,TUSHNABAD,Village Panchayat,SOUTH ANDAMANS,FERRARGUNJ,1550736,1,Tushnabad 1,
234491,TUSHNABAD,Village Panchayat,SOUTH ANDAMANS,FERRARGUNJ,1550737,2,Tushnabad 2,
234491,TUSHNABAD,Village Panchayat,SOUTH ANDAMANS,FERRARGUNJ,1550738,3,Tushnabad 3,
234491,TUSHNABAD,Village Panchayat,SOUTH ANDAMANS,FERRARGUNJ,1550739,4,Tushnabad 4,
234491,TUSHNABAD,Village Panchayat,SOUTH ANDAMANS,FERRARGUNJ,1550740,5,Tushnabad 5,
234491,TUSHNABAD,Village Panchayat,SOUTH ANDAMANS,FERRARGUNJ,1550741,6,Tushnabad 6,
234491,TUSHNABAD,Village Panchayat,SOUTH ANDAMANS,FERRARGUNJ,1550742,7,Tushnabad 7,
234491,TUSHNABAD,Village Panchayat,SOUTH ANDAMANS,FERRARGUNJ,1550743,8,Tushnabad 8,
273037,WANDOOR,Village Panchayat,SOUTH ANDAMANS,FERRARGUNJ,1548114,1,Wandoor 1,
273037,WANDOOR,Village Panchayat,SOUTH ANDAMANS,FERRARGUNJ,1548115,2,Wandoor 2,
273037,WANDOOR,Village Panchayat,SOUTH ANDAMANS,FERRARGUNJ,1548116,3,Wandoor 3,
273037,WANDOOR,Village Panchayat,SOUTH ANDAMANS,FERRARGUNJ,1548117,4,Wandoor 4,
273037,WANDOOR,Village Panchayat,SOUTH ANDAMANS,FERRARGUNJ,1548118,5,Hasmathabad 1,
273037,WANDOOR,Village Panchayat,SOUTH ANDAMANS,FERRARGUNJ,1548119,6,Hasmathabad 2,
273037,WANDOOR,Village Panchayat,SOUTH ANDAMANS,FERRARGUNJ,1548120,7,Maymyo,
273037,WANDOOR,Village Panchayat,SOUTH ANDAMANS,FERRARGUNJ,1548121,8,Lohabarik,
234492,WIMBERLYGUNJ,Village Panchayat,SOUTH ANDAMANS,FERRARGUNJ,1544924,1,Wimberlygunj 1,
234492,WIMBERLYGUNJ,Village Panchayat,SOUTH ANDAMANS,FERRARGUNJ,1544925,2,Wimberlygunj 2,
234492,WIMBERLYGUNJ,Village Panchayat,SOUTH ANDAMANS,FERRARGUNJ,1544926,3,Wimberlygunj 3,
234492,WIMBERLYGUNJ,Village Panchayat,SOUTH ANDAMANS,FERRARGUNJ,1544927,4,Wimberlygunj 4,
234492,WIMBERLYGUNJ,Village Panchayat,SOUTH ANDAMANS,FERRARGUNJ,1544928,5,Wimberlygunj 5,
234492,WIMBERLYGUNJ,Village Panchayat,SOUTH ANDAMANS,FERRARGUNJ,1544929,6,Wimberlygunj 6,
234492,WIMBERLYGUNJ,Village Panchayat,SOUTH ANDAMANS,FERRARGUNJ,1544930,7,Wimberlygunj 7,
234492,WIMBERLYGUNJ,Village Panchayat,SOUTH ANDAMANS,FERRARGUNJ,1544931,8,Wimberlygunj 8,
234492,WIMBERLYGUNJ,Village Panchayat,SOUTH ANDAMANS,FERRARGUNJ,1544932,9,Wimberlygunj 9,
234493,HUTBAY,Village Panchayat,SOUTH ANDAMANS,LITTLE ANDAMAN,1431743,1,Hutbay1,
234493,HUTBAY,Village Panchayat,SOUTH ANDAMANS,LITTLE ANDAMAN,1431744,2,Hutbay2,
234493,HUTBAY,Village Panchayat,SOUTH ANDAMANS,LITTLE ANDAMAN,1431745,3,Hutbay3,
234493,HUTBAY,Village Panchayat,SOUTH ANDAMANS,LITTLE ANDAMAN,1431746,4,Hutbay4,
234493,HUTBAY,Village Panchayat,SOUTH ANDAMANS,LITTLE ANDAMAN,1431747,5,Hutbay5,
234493,HUTBAY,Village Panchayat,SOUTH ANDAMANS,LITTLE ANDAMAN,1431748,6,Hutbay6,
234493,HUTBAY,Village Panchayat,SOUTH ANDAMANS,LITTLE ANDAMAN,1431749,7,Hutbay7,
234493,HUTBAY,Village Panchayat,SOUTH ANDAMANS,LITTLE ANDAMAN,1431750,8,Hutbay8,
234493,HUTBAY,Village Panchayat,SOUTH ANDAMANS,LITTLE ANDAMAN,1431751,9,Hutbay9,
234493,HUTBAY,Village Panchayat,SOUTH ANDAMANS,LITTLE ANDAMAN,1431752,10,Hutbay10,
234493,HUTBAY,Village Panchayat,SOUTH ANDAMANS,LITTLE ANDAMAN,1431753,11,Hutbay11,
234493,HUTBAY,Village Panchayat,SOUTH ANDAMANS,LITTLE ANDAMAN,1431754,12,Hutbay12,
234493,HUTBAY,Village Panchayat,SOUTH ANDAMANS,LITTLE ANDAMAN,1431755,13,Hutbay13,
234493,HUTBAY,Village Panchayat,SOUTH ANDAMANS,LITTLE ANDAMAN,1431756,14,Hutbay14,
234494,NETAJINAGAR,Village Panchayat,SOUTH ANDAMANS,LITTLE ANDAMAN,1431757,1,Netajinagar-1,
234494,NETAJINAGAR,Village Panchayat,SOUTH ANDAMANS,LITTLE ANDAMAN,1431758,2,Netajinagar-2,
234494,NETAJINAGAR,Village Panchayat,SOUTH ANDAMANS,LITTLE ANDAMAN,1431759,3,Netajinagar-3,
234494,NETAJINAGAR,Village Panchayat,SOUTH ANDAMANS,LITTLE ANDAMAN,1431760,4,Netajinagar-4,
234494,NETAJINAGAR,Village Panchayat,SOUTH ANDAMANS,LITTLE ANDAMAN,1431761,5,Netajinagar-5,
234494,NETAJINAGAR,Village Panchayat,SOUTH ANDAMANS,LITTLE ANDAMAN,1431762,6,Netajinagar-6,
234494,NETAJINAGAR,Village Panchayat,SOUTH ANDAMANS,LITTLE ANDAMAN,1431763,7,Netajinagar-7,
234494,NETAJINAGAR,Village Panchayat,SOUTH ANDAMANS,LITTLE ANDAMAN,1431764,8,Netajinagar-8,
234494,NETAJINAGAR,Village Panchayat,SOUTH ANDAMANS,LITTLE ANDAMAN,1431765,9,Netajinagar-9,
234494,NETAJINAGAR,Village Panchayat,SOUTH ANDAMANS,LITTLE ANDAMAN,1431766,10,Netajinagar-10,
234494,NETAJINAGAR,Village Panchayat,SOUTH ANDAMANS,LITTLE ANDAMAN,1431767,11,Netajinagar-11,
272913,Rabindranagar,Village Panchayat,SOUTH ANDAMANS,LITTLE ANDAMAN,1462785,1,Rabindranagar-1,
272913,Rabindranagar,Village Panchayat,SOUTH ANDAMANS,LITTLE ANDAMAN,1462786,2,Rabindranagar-2,
272913,Rabindranagar,Village Panchayat,SOUTH ANDAMANS,LITTLE ANDAMAN,1462787,3,Rabindranagar-3,
272913,Rabindranagar,Village Panchayat,SOUTH ANDAMANS,LITTLE ANDAMAN,1462788,4,Rabindranagar-4,
272913,Rabindranagar,Village Panchayat,SOUTH ANDAMANS,LITTLE ANDAMAN,1462789,5,Rabindranagar-5,
272913,Rabindranagar,Village Panchayat,SOUTH ANDAMANS,LITTLE ANDAMAN,1462790,6,Rabindranagar-6,
272913,Rabindranagar,Village Panchayat,SOUTH ANDAMANS,LITTLE ANDAMAN,1462791,7,Rabindranagar-7,
272913,Rabindranagar,Village Panchayat,SOUTH ANDAMANS,LITTLE ANDAMAN,1462792,8,Rabindranagar-8,
234495,RAMKRISHNAPUR,Village Panchayat,SOUTH ANDAMANS,LITTLE ANDAMAN,1431768,1,Ramakrishnapur-1,
234495,RAMKRISHNAPUR,Village Panchayat,SOUTH ANDAMANS,LITTLE ANDAMAN,1431769,2,Ramakrishnapur-2,
234495,RAMKRISHNAPUR,Village Panchayat,SOUTH ANDAMANS,LITTLE ANDAMAN,1431770,3,Ramakrishnapur-3,
234495,RAMKRISHNAPUR,Village Panchayat,SOUTH ANDAMANS,LITTLE ANDAMAN,1431771,4,Ramakrishnapur-4,
234495,RAMKRISHNAPUR,Village Panchayat,SOUTH ANDAMANS,LITTLE ANDAMAN,1431772,5,Ramakrishnapur-5,
234495,RAMKRISHNAPUR,Village Panchayat,SOUTH ANDAMANS,LITTLE ANDAMAN,1431773,6,Ramakrishnapur-6,
234495,RAMKRISHNAPUR,Village Panchayat,SOUTH ANDAMANS,LITTLE ANDAMAN,1431774,7,Ramakrishnapur-7,
234495,RAMKRISHNAPUR,Village Panchayat,SOUTH ANDAMANS,LITTLE ANDAMAN,1431775,8,Ramakrishnapur-8,
234495,RAMKRISHNAPUR,Village Panchayat,SOUTH ANDAMANS,LITTLE ANDAMAN,1431776,9,Ramakrishnapur-9,
234495,RAMKRISHNAPUR,Village Panchayat,SOUTH ANDAMANS,LITTLE ANDAMAN,1431777,10,Ramakrishnapur-10,
234495,RAMKRISHNAPUR,Village Panchayat,SOUTH ANDAMANS,LITTLE ANDAMAN,1431778,11,Ramakrishnapur-11,
234496,VIVEKANANDAPUR,Village Panchayat,SOUTH ANDAMANS,LITTLE ANDAMAN,1431779,1,Vivekanandapur-1,
234496,VIVEKANANDAPUR,Village Panchayat,SOUTH ANDAMANS,LITTLE ANDAMAN,1431780,2,Vivekanandapur-2,
234496,VIVEKANANDAPUR,Village Panchayat,SOUTH ANDAMANS,LITTLE ANDAMAN,1431781,3,Vivekanandapur-3,
234496,VIVEKANANDAPUR,Village Panchayat,SOUTH ANDAMANS,LITTLE ANDAMAN,1431782,4,Vivekanandapur-4,
234496,VIVEKANANDAPUR,Village Panchayat,SOUTH ANDAMANS,LITTLE ANDAMAN,1431783,5,Vivekanandapur-5,
234496,VIVEKANANDAPUR,Village Panchayat,SOUTH ANDAMANS,LITTLE ANDAMAN,1431784,6,Vivekanandapur-6,
234496,VIVEKANANDAPUR,Village Panchayat,SOUTH ANDAMANS,LITTLE ANDAMAN,1431785,7,Rabindra Nagar-1,
234496,VIVEKANANDAPUR,Village Panchayat,SOUTH ANDAMANS,LITTLE ANDAMAN,1431786,8,Rabindra Nagar-2,
234496,VIVEKANANDAPUR,Village Panchayat,SOUTH ANDAMANS,LITTLE ANDAMAN,1431787,9,Rabindra Nagar-3,
234496,VIVEKANANDAPUR,Village Panchayat,SOUTH ANDAMANS,LITTLE ANDAMAN,1431788,10,Rabindra Nagar-4,
234505,BEODNABAD,Village Panchayat,SOUTH ANDAMANS,PROTHRAPUR,1218439,1,Beodnabad,Beodnabad
234505,BEODNABAD,Village Panchayat,SOUTH ANDAMANS,PROTHRAPUR,1218440,2,Beodnabad 1,Beodnabad 1
234505,BEODNABAD,Village Panchayat,SOUTH ANDAMANS,PROTHRAPUR,1218441,3,Beodnabad 2,Beodnabad 2
234505,BEODNABAD,Village Panchayat,SOUTH ANDAMANS,PROTHRAPUR,1218442,4,Beodnabad 3,Beodnabad 3
234505,BEODNABAD,Village Panchayat,SOUTH ANDAMANS,PROTHRAPUR,1218443,5,Rangachang 1,Rangachang 1
234505,BEODNABAD,Village Panchayat,SOUTH ANDAMANS,PROTHRAPUR,1218444,6,Rangachang 2,Rangachang 2
234505,BEODNABAD,Village Panchayat,SOUTH ANDAMANS,PROTHRAPUR,1218445,7,Rangachang 3,Rangachang 3
234505,BEODNABAD,Village Panchayat,SOUTH ANDAMANS,PROTHRAPUR,1218446,8,Rangachang 4,Rangachang 4
234505,BEODNABAD,Village Panchayat,SOUTH ANDAMANS,PROTHRAPUR,1218447,9,Rangachang 5,Rangachang 5
234505,BEODNABAD,Village Panchayat,SOUTH ANDAMANS,PROTHRAPUR,1218448,10,Chidiyatapu 1,Chidiyatapu 1
234505,BEODNABAD,Village Panchayat,SOUTH ANDAMANS,PROTHRAPUR,1218449,11,Chidiyatapu 2,Chidiyatapu 2
234505,BEODNABAD,Village Panchayat,SOUTH ANDAMANS,PROTHRAPUR,1218450,12,Rutland 1,Rutland 1
234505,BEODNABAD,Village Panchayat,SOUTH ANDAMANS,PROTHRAPUR,1218451,13,Rutland 2,Rutland 2
234505,BEODNABAD,Village Panchayat,SOUTH ANDAMANS,PROTHRAPUR,1218452,14,Rutland 3,Rutland 3
272914,Calicut,Village Panchayat,SOUTH ANDAMANS,PROTHRAPUR,1424153,1,Calicut Ward No 1,
272914,Calicut,Village Panchayat,SOUTH ANDAMANS,PROTHRAPUR,1424154,2,Calicut Ward No 2,
272914,Calicut,Village Panchayat,SOUTH ANDAMANS,PROTHRAPUR,1424155,3,Calicut Ward No 3,
272914,Calicut,Village Panchayat,SOUTH ANDAMANS,PROTHRAPUR,1424156,4,Calicut Ward No 4,
272914,Calicut,Village Panchayat,SOUTH ANDAMANS,PROTHRAPUR,1424157,5,Calicut Ward No 5,
272914,Calicut,Village Panchayat,SOUTH ANDAMANS,PROTHRAPUR,1424158,6,Calicut Ward No 6,
272914,Calicut,Village Panchayat,SOUTH ANDAMANS,PROTHRAPUR,1424159,7,Calicut Ward No 7,
272914,Calicut,Village Panchayat,SOUTH ANDAMANS,PROTHRAPUR,1424160,8,Calicut Ward No 8,
234510,GOVINDNAGAR,Village Panchayat,SOUTH ANDAMANS,PROTHRAPUR,1424176,Ward No 1,Govindnagar 1,Govindnagar 1
234510,GOVINDNAGAR,Village Panchayat,SOUTH ANDAMANS,PROTHRAPUR,1424177,Ward No 2,Govindnagar 2,Govindnagar 2
234510,GOVINDNAGAR,Village Panchayat,SOUTH ANDAMANS,PROTHRAPUR,1424178,Ward No 3,Govindnagar 3,Govindnagar 3
234510,GOVINDNAGAR,Village Panchayat,SOUTH ANDAMANS,PROTHRAPUR,1424179,Ward No 4,Govindnagar 4,Govindnagar 4
234510,GOVINDNAGAR,Village Panchayat,SOUTH ANDAMANS,PROTHRAPUR,1424180,Ward No 5,Govindnagar 5,Govindnagar 5
234510,GOVINDNAGAR,Village Panchayat,SOUTH ANDAMANS,PROTHRAPUR,1424181,Ward No 6,Govindnagar 6,Govindnagar 6
234510,GOVINDNAGAR,Village Panchayat,SOUTH ANDAMANS,PROTHRAPUR,1424182,Ward No 7,Govindnagar 7,Govindnagar 7
234510,GOVINDNAGAR,Village Panchayat,SOUTH ANDAMANS,PROTHRAPUR,1424183,Ward No 8,Govindnagar 8,Govindnagar 8
234510,GOVINDNAGAR,Village Panchayat,SOUTH ANDAMANS,PROTHRAPUR,1424184,Ward No 9,Vijaynagar 1,Vijaynagar 1
234510,GOVINDNAGAR,Village Panchayat,SOUTH ANDAMANS,PROTHRAPUR,1424185,Ward No 10,Vijaynagar 2,Vijaynagar 2
234510,GOVINDNAGAR,Village Panchayat,SOUTH ANDAMANS,PROTHRAPUR,1424186,Ward No 11,Vijaynagar 3,Vijaynagar 3
234510,GOVINDNAGAR,Village Panchayat,SOUTH ANDAMANS,PROTHRAPUR,1424187,1,Govindnagar-1,
234510,GOVINDNAGAR,Village Panchayat,SOUTH ANDAMANS,PROTHRAPUR,1424188,2,Govindnagar-2,
234510,GOVINDNAGAR,Village Panchayat,SOUTH ANDAMANS,PROTHRAPUR,1424189,3,Govindnagar-3,
234510,GOVINDNAGAR,Village Panchayat,SOUTH ANDAMANS,PROTHRAPUR,1424190,4,Govindnagar-4,
234510,GOVINDNAGAR,Village Panchayat,SOUTH ANDAMANS,PROTHRAPUR,1424191,5,Govindnagar-5,
234510,GOVINDNAGAR,Village Panchayat,SOUTH ANDAMANS,PROTHRAPUR,1424192,6,Govindnagar-6,
234510,GOVINDNAGAR,Village Panchayat,SOUTH ANDAMANS,PROTHRAPUR,1424193,7,Govindnagar-7,
234510,GOVINDNAGAR,Village Panchayat,SOUTH ANDAMANS,PROTHRAPUR,1424194,8,Govindnagar-8,
234510,GOVINDNAGAR,Village Panchayat,SOUTH ANDAMANS,PROTHRAPUR,1424195,9,Vijaynagar-1,
234510,GOVINDNAGAR,Village Panchayat,SOUTH ANDAMANS,PROTHRAPUR,1424196,10,Vijaynagar-2,
234510,GOVINDNAGAR,Village Panchayat,SOUTH ANDAMANS,PROTHRAPUR,1424197,11,Vijaynagar-3,
234511,NEIL ISLAND,Village Panchayat,SOUTH ANDAMANS,PROTHRAPUR,1218453,1,Neil kendra,Neil kendra
234511,NEIL ISLAND,Village Panchayat,SOUTH ANDAMANS,PROTHRAPUR,1218454,2,Laxmanpur 1,Laxmanpur 1
234511,NEIL ISLAND,Village Panchayat,SOUTH ANDAMANS,PROTHRAPUR,1218455,3,Laxmanpur 2,Laxmanpur 2
234511,NEIL ISLAND,Village Panchayat,SOUTH ANDAMANS,PROTHRAPUR,1218456,4,Neil kendra 1,Neil kendra 1
234511,NEIL ISLAND,Village Panchayat,SOUTH ANDAMANS,PROTHRAPUR,1218457,5,Neil kendra 2,Neil kendra 2
234511,NEIL ISLAND,Village Panchayat,SOUTH ANDAMANS,PROTHRAPUR,1218458,6,Neil kendra 3,Neil kendra 3
234511,NEIL ISLAND,Village Panchayat,SOUTH ANDAMANS,PROTHRAPUR,1218459,7,Neil kendra 4,Neil kendra 4
234511,NEIL ISLAND,Village Panchayat,SOUTH ANDAMANS,PROTHRAPUR,1218460,8,Ramnagar 1,Ramnagar 1
234511,NEIL ISLAND,Village Panchayat,SOUTH ANDAMANS,PROTHRAPUR,1218461,9,Ramnagar 2,Ramnagar 2
234511,NEIL ISLAND,Village Panchayat,SOUTH ANDAMANS,PROTHRAPUR,1218462,10,Bharatpur 1,Bharatpur 1
234511,NEIL ISLAND,Village Panchayat,SOUTH ANDAMANS,PROTHRAPUR,1218463,11,Bharatpur 2,Bharatpur 2
234511,NEIL ISLAND,Village Panchayat,SOUTH ANDAMANS,PROTHRAPUR,1218464,12,Sitapur,Sitapur
234514,SHYAMNAGAR,Village Panchayat,SOUTH ANDAMANS,PROTHRAPUR,1424302,Ward No 1,Shyam Nagar 1,Shyam Nagar 1
234514,SHYAMNAGAR,Village Panchayat,SOUTH ANDAMANS,PROTHRAPUR,1424303,Ward No 2,Shyam Nagar 2,Shyam Nagar 1
234514,SHYAMNAGAR,Village Panchayat,SOUTH ANDAMANS,PROTHRAPUR,1424304,Ward No 3,Shyam Nagar 3,Shyam Nagar 3
234514,SHYAMNAGAR,Village Panchayat,SOUTH ANDAMANS,PROTHRAPUR,1424305,Ward No 4,Krishnanagar 1,Krishnanagar 1
234514,SHYAMNAGAR,Village Panchayat,SOUTH ANDAMANS,PROTHRAPUR,1424306,Ward No 5,Krishnanagar 2,Krishnanagar 2
234514,SHYAMNAGAR,Village Panchayat,SOUTH ANDAMANS,PROTHRAPUR,1424307,Ward No 6,Krishnanagar 3,Krishnanagar 3
234514,SHYAMNAGAR,Village Panchayat,SOUTH ANDAMANS,PROTHRAPUR,1424308,Ward No 7,Radhanagar 1,Radhanagar 1
234514,SHYAMNAGAR,Village Panchayat,SOUTH ANDAMANS,PROTHRAPUR,1424309,Ward No 8,Radhanagar 2,Radhanagar 2
234513,SIPPIGHAT,Village Panchayat,SOUTH ANDAMANS,PROTHRAPUR,1235476,1,Sippighat,Sippighat
234513,SIPPIGHAT,Village Panchayat,SOUTH ANDAMANS,PROTHRAPUR,1235477,2,Sippighat - 1,Sippighat - 1
234513,SIPPIGHAT,Village Panchayat,SOUTH ANDAMANS,PROTHRAPUR,1235478,3,Sippighat - 2,Sippighat - 2
234513,SIPPIGHAT,Village Panchayat,SOUTH ANDAMANS,PROTHRAPUR,1235479,4,Sippighat - 3,Sippighat - 3
234513,SIPPIGHAT,Village Panchayat,SOUTH ANDAMANS,PROTHRAPUR,1235480,5,Bimblitan - 1,Bimblitan - 1
234513,SIPPIGHAT,Village Panchayat,SOUTH ANDAMANS,PROTHRAPUR,1235481,6,Bimblitan - 2,Bimblitan - 2
234513,SIPPIGHAT,Village Panchayat,SOUTH ANDAMANS,PROTHRAPUR,1235482,7,Bimblitan - 3,Bimblitan - 3
234513,SIPPIGHAT,Village Panchayat,SOUTH ANDAMANS,PROTHRAPUR,1235483,8,Bimblitan - 4,Bimblitan - 4
234513,SIPPIGHAT,Village Panchayat,SOUTH ANDAMANS,PROTHRAPUR,1235484,9,Teylerabad - 1,Teylerabad - 1
234513,SIPPIGHAT,Village Panchayat,SOUTH ANDAMANS,PROTHRAPUR,1235485,10,Teylerabad - 2,Teylerabad - 2
234513,SIPPIGHAT,Village Panchayat,SOUTH ANDAMANS,PROTHRAPUR,1235486,11,Teylerabad - 3,Teylerabad - 3
234513,SIPPIGHAT,Village Panchayat,SOUTH ANDAMANS,PROTHRAPUR,1235487,12,Teylerabad - 4,Teylerabad - 4 